2.71828,2.76109,2.80456,2.84869,2.89348,2.93893,2.98504,3.0318,3.07922,3.12727,3.17598,3.22531,3.27528,3.32587,3.37707,3.42888,3.48129,3.53429,3.58786,3.642,3.69669,3.75192,3.80768,3.86395,3.92071,3.97795,4.03565,4.09379,4.15236,4.21132,4.27067,4.33038,4.39042,4.45078,4.51142,4.57232,4.63345,4.6948,4.75631,4.81798,4.87977,4.94164,5.00356,5.06551,5.12744,5.18933,5.25114,5.31282,5.37436,5.4357,5.49681,5.55765,5.61818,5.67837,5.73817,5.79755,5.85645,5.91484,5.97269,6.02993,6.08655,6.14248,6.1977,6.25216,6.30581,
2.67614,2.71828,2.76107,2.80452,2.84862,2.89337,2.93876,2.9848,3.03148,3.07879,3.12674,3.17531,3.2245,3.27431,3.32472,3.37573,3.42732,3.4795,3.53224,3.58554,3.63938,3.69376,3.74865,3.80404,3.85992,3.91628,3.97308,4.03032,4.08798,4.14603,4.20446,4.26324,4.32236,4.38177,4.44147,4.50143,4.56162,4.62201,4.68257,4.74329,4.80411,4.86502,4.92599,4.98698,5.04795,5.10888,5.16972,5.23046,5.29103,5.35142,5.41159,5.47149,5.53108,5.59034,5.64921,5.70766,5.76565,5.82314,5.88009,5.93645,5.99218,6.04725,6.10161,6.15523,6.20804,
2.63465,2.67614,2.71827,2.76104,2.80446,2.84851,2.8932,2.93852,2.98448,3.03106,3.07826,3.12608,3.17451,3.22354,3.27317,3.32339,3.37419,3.42555,3.47748,3.52995,3.58296,3.63649,3.69053,3.74507,3.80008,3.85556,3.91149,3.96784,4.0246,4.08176,4.13928,4.19715,4.25534,4.31384,4.37262,4.43164,4.4909,4.55035,4.60998,4.66975,4.72963,4.7896,4.84962,4.90966,4.96969,5.02967,5.08958,5.14936,5.209,5.26846,5.32769,5.38666,5.44533,5.50367,5.56163,5.61917,5.67627,5.73286,5.78893,5.84441,5.89928,5.9535,6.00702,6.0598,6.1118,
2.5938,2.63465,2.67613,2.71824,2.76098,2.80435,2.84834,2.89297,2.93821,2.98407,3.03054,3.07762,3.12529,3.17357,3.22243,3.27186,3.32187,3.37244,3.42356,3.47522,3.52741,3.58011,3.63331,3.687,3.74117,3.79579,3.85084,3.90632,3.96221,4.01847,4.0751,4.13208,4.18937,4.24696,4.30482,4.36294,4.42127,4.47981,4.53851,4.59735,4.65631,4.71534,4.77443,4.83354,4.89264,4.95169,5.01067,5.06953,5.12825,5.18678,5.24509,5.30315,5.36091,5.41834,5.4754,5.53206,5.58826,5.64398,5.69918,5.7538,5.80782,5.8612,5.91389,5.96585,6.01704,
2.55359,2.5938,2.63464,2.67609,2.71817,2.76087,2.80418,2.84811,2.89265,2.9378,2.98355,3.0299,3.07684,3.12437,3.17247,3.22114,3.27037,3.32016,3.37049,3.42134,3.47272,3.52461,3.57698,3.62984,3.68317,3.73694,3.79114,3.84576,3.90078,3.95617,4.01193,4.06802,4.12442,4.18112,4.23808,4.2953,4.35273,4.41035,4.46814,4.52607,4.58412,4.64224,4.70041,4.75861,4.81679,4.87492,4.93299,4.99094,5.04874,5.10636,5.16377,5.22093,5.2778,5.33434,5.39051,5.44629,5.50162,5.55648,5.61082,5.6646,5.71778,5.77033,5.8222,5.87336,5.92376,
2.514,2.55359,2.59379,2.6346,2.67603,2.71807,2.76071,2.80396,2.84781,2.89226,2.9373,2.98293,3.02914,3.07593,3.12328,3.1712,3.21967,3.26868,3.31823,3.3683,3.41888,3.46996,3.52153,3.57357,3.62606,3.679,3.73237,3.78614,3.8403,3.89484,3.94973,4.00495,4.06048,4.1163,4.17238,4.2287,4.28524,4.34198,4.39887,4.4559,4.51305,4.57027,4.62754,4.68483,4.74211,4.79935,4.85651,4.91356,4.97047,5.0272,5.08372,5.13999,5.19597,5.25164,5.30694,5.36185,5.41633,5.47034,5.52383,5.57678,5.62914,5.68087,5.73194,5.7823,5.83192,
2.47502,2.514,2.55358,2.59376,2.63454,2.67593,2.71791,2.76049,2.80366,2.84742,2.89176,2.93668,2.98218,3.02824,3.07486,3.12204,3.16975,3.21801,3.26679,3.31608,3.36588,3.41617,3.46693,3.51816,3.56985,3.62196,3.6745,3.72744,3.78076,3.83445,3.88849,3.94286,3.99753,4.05248,4.10769,4.16314,4.21881,4.27466,4.33067,4.38682,4.44308,4.49941,4.5558,4.6122,4.66859,4.72494,4.78121,4.83738,4.89341,4.94926,5.0049,5.0603,5.11542,5.17022,5.22467,5.27873,5.33236,5.38553,5.43819,5.49032,5.54187,5.5928,5.64307,5.69265,5.7415,
2.43665,2.47502,2.51399,2.55355,2.5937,2.63444,2.67577,2.71769,2.76019,2.80327,2.84693,2.89115,2.93594,2.98129,3.02719,3.07363,3.12061,3.16812,3.21614,3.26467,3.31369,3.3632,3.41318,3.46362,3.5145,3.56581,3.61753,3.66965,3.72215,3.77501,3.82821,3.88173,3.93555,3.98965,4.04401,4.0986,4.1534,4.20839,4.26353,4.31881,4.37419,4.42965,4.48516,4.54069,4.59621,4.65169,4.70709,4.76238,4.81754,4.87253,4.92731,4.98185,5.03611,5.09006,5.14367,5.19689,5.24969,5.30203,5.35388,5.4052,5.45595,5.50609,5.55558,5.6044,5.65249,
2.39888,2.43665,2.47501,2.51396,2.55349,2.5936,2.63429,2.67556,2.7174,2.75981,2.80279,2.84633,2.89042,2.93507,2.98026,3.02598,3.07223,3.119,3.16628,3.21405,3.26232,3.31106,3.36027,3.40992,3.46001,3.51053,3.56145,3.61276,3.66444,3.71648,3.76886,3.82155,3.87453,3.9278,3.98131,4.03506,4.08901,4.14314,4.19743,4.25185,4.30638,4.36098,4.41563,4.4703,4.52495,4.57957,4.63411,4.68855,4.74285,4.79699,4.85092,4.90461,4.95803,5.01115,5.06392,5.11632,5.1683,5.21983,5.27088,5.3214,5.37136,5.42072,5.46945,5.51751,5.56486,
2.36168,2.39887,2.43664,2.47498,2.5139,2.55339,2.59345,2.63407,2.67527,2.71702,2.75934,2.8022,2.84561,2.88957,2.93405,2.97907,3.0246,3.07064,3.11719,3.16423,3.21174,3.25973,3.30817,3.35706,3.40637,3.4561,3.50623,3.55675,3.60763,3.65886,3.71043,3.7623,3.81447,3.8669,3.91959,3.9725,4.02561,4.07891,4.13236,4.18593,4.23961,4.29337,4.34717,4.40099,4.4548,4.50857,4.56227,4.61586,4.66932,4.72262,4.77571,4.82857,4.88116,4.93346,4.98541,5.03699,5.08817,5.1389,5.18916,5.2389,5.28808,5.33668,5.38466,5.43197,5.47858,
2.32507,2.36168,2.39886,2.43661,2.47492,2.5138,2.55324,2.59324,2.63379,2.6749,2.71656,2.75876,2.8015,2.84477,2.88856,2.93288,2.97771,3.02304,3.06886,3.11517,3.16195,3.20919,3.25688,3.30501,3.35356,3.40252,3.45187,3.50161,3.5517,3.60214,3.6529,3.70397,3.75533,3.80695,3.85882,3.91091,3.9632,4.01567,4.06829,4.12104,4.17389,4.22681,4.27977,4.33276,4.38573,4.43867,4.49153,4.5443,4.59693,4.6494,4.70167,4.75371,4.80549,4.85697,4.90812,4.9589,5.00929,5.05923,5.10871,5.15768,5.2061,5.25395,5.30117,5.34775,5.39364,
2.28902,2.32507,2.36167,2.39883,2.43655,2.47483,2.51365,2.55303,2.59296,2.63343,2.67444,2.71599,2.75806,2.80066,2.84378,2.88741,2.93154,2.97617,3.02128,3.06687,3.11293,3.15944,3.20639,3.25377,3.30157,3.34977,3.39836,3.44732,3.49664,3.54629,3.59627,3.64655,3.69711,3.74793,3.79899,3.85028,3.90176,3.95341,4.00522,4.05715,4.10917,4.16128,4.21342,4.26559,4.31774,4.36985,4.4219,4.47385,4.52566,4.57732,4.62878,4.68001,4.73099,4.78167,4.83203,4.88202,4.93162,4.9808,5.02951,5.07771,5.12539,5.17249,5.21899,5.26484,5.31002,
2.25353,2.28902,2.32506,2.36164,2.39878,2.43646,2.47468,2.51345,2.55276,2.5926,2.63298,2.67388,2.7153,2.75724,2.79969,2.84265,2.88609,2.93003,2.97444,3.01933,3.06467,3.11045,3.15668,3.20332,3.25038,3.29784,3.34567,3.39387,3.44243,3.49131,3.54051,3.59001,3.63979,3.68982,3.7401,3.79059,3.84127,3.89212,3.94312,3.99425,4.04547,4.09676,4.1481,4.19945,4.2508,4.30211,4.35334,4.40449,4.4555,4.50635,4.55701,4.60745,4.65764,4.70754,4.75711,4.80633,4.85517,4.90358,4.95153,4.99899,5.04593,5.0923,5.13807,5.18322,5.2277,
2.2186,2.25353,2.28901,2.32503,2.36159,2.39868,2.43632,2.47448,2.51318,2.55241,2.59216,2.63242,2.67321,2.7145,2.75629,2.79857,2.84135,2.8846,2.92833,2.97251,3.01715,3.06223,3.10774,3.15366,3.19999,3.24671,3.2938,3.34126,3.38906,3.43718,3.48562,3.53435,3.58336,3.63262,3.68211,3.73182,3.78172,3.83178,3.88199,3.93232,3.98275,4.03325,4.08379,4.13435,4.1849,4.23541,4.28585,4.3362,4.38642,4.43649,4.48636,4.53602,4.58543,4.63455,4.68336,4.73182,4.77989,4.82755,4.87476,4.92149,4.9677,5.01335,5.05842,5.10286,5.14665,
2.1842,2.2186,2.25352,2.28898,2.32498,2.3615,2.39855,2.43612,2.47422,2.51284,2.55197,2.59161,2.63176,2.67241,2.71355,2.75519,2.7973,2.83988,2.88293,2.92643,2.97038,3.01476,3.05956,3.10477,3.15038,3.19637,3.24274,3.28945,3.33651,3.38389,3.43158,3.47956,3.5278,3.5763,3.62503,3.67396,3.72309,3.77237,3.82181,3.87136,3.921,3.97072,4.02048,4.07025,4.12002,4.16974,4.21941,4.26897,4.31842,4.36771,4.41681,4.4657,4.51434,4.5627,4.61075,4.65846,4.70579,4.75271,4.79919,4.84519,4.89068,4.93562,4.97999,5.02375,5.06686,
2.15034,2.1842,2.21859,2.2535,2.28893,2.32488,2.36136,2.39835,2.43586,2.47388,2.5124,2.55143,2.59096,2.63098,2.67149,2.71247,2.75393,2.79585,2.83823,2.88106,2.92432,2.96802,3.01212,3.05663,3.10154,3.14682,3.19246,3.23846,3.28479,3.33143,3.37838,3.42561,3.47311,3.52085,3.56883,3.617,3.66536,3.71389,3.76255,3.81134,3.86021,3.90916,3.95814,4.00715,4.05614,4.1051,4.15399,4.20279,4.25147,4.29999,4.34833,4.39646,4.44435,4.49196,4.53927,4.58624,4.63283,4.67903,4.72478,4.77007,4.81486,4.85911,4.90279,4.94586,4.9883,
2.117,2.15034,2.18419,2.21856,2.25344,2.28884,2.32475,2.36117,2.3981,2.43552,2.47345,2.51188,2.55079,2.59019,2.63007,2.67042,2.71123,2.75251,2.79423,2.83639,2.87899,2.922,2.96542,3.00925,3.05345,3.09803,3.14297,3.18825,3.23386,3.27978,3.326,3.3725,3.41926,3.46627,3.5135,3.56093,3.60854,3.65631,3.70422,3.75225,3.80037,3.84855,3.89678,3.94502,3.99326,4.04145,4.08959,4.13763,4.18555,4.23332,4.28092,4.3283,4.37545,4.42232,4.46889,4.51513,4.56101,4.60648,4.65153,4.69612,4.74021,4.78377,4.82677,4.86918,4.91097,
2.08418,2.117,2.15033,2.18416,2.21851,2.25336,2.28871,2.32456,2.36092,2.39776,2.43511,2.47293,2.51124,2.55003,2.58929,2.62902,2.6692,2.70983,2.75091,2.79242,2.83435,2.8767,2.91945,2.96259,3.00611,3.05,3.09424,3.13882,3.18372,3.22893,3.27444,3.32022,3.36625,3.41253,3.45902,3.50572,3.55259,3.59962,3.64679,3.69407,3.74145,3.78888,3.83636,3.88386,3.93135,3.9788,4.02619,4.07348,4.12066,4.16769,4.21455,4.2612,4.30761,4.35376,4.39961,4.44513,4.4903,4.53507,4.57942,4.62331,4.66672,4.70961,4.75194,4.79369,4.83483,
2.05187,2.08418,2.11699,2.1503,2.18411,2.21842,2.25323,2.28852,2.32431,2.36059,2.39735,2.43459,2.47231,2.5105,2.54915,2.58826,2.62782,2.66782,2.70826,2.74913,2.79041,2.8321,2.87419,2.91666,2.95951,3.00271,3.04627,3.09016,3.13436,3.17887,3.22367,3.26874,3.31407,3.35962,3.4054,3.45137,3.49751,3.54382,3.59025,3.6368,3.68344,3.73014,3.77689,3.82365,3.8704,3.91711,3.96377,4.01033,4.05678,4.10308,4.14921,4.19513,4.24083,4.28626,4.3314,4.37622,4.42068,4.46476,4.50842,4.55163,4.59437,4.63659,4.67827,4.71938,4.75987,
2.02006,2.05187,2.08417,2.11696,2.15025,2.18403,2.21829,2.25304,2.28828,2.32399,2.36018,2.39685,2.43398,2.47158,2.50963,2.54813,2.58708,2.62646,2.66627,2.70651,2.74715,2.78819,2.82963,2.87144,2.91362,2.95616,2.99904,3.04225,3.08577,3.12959,3.17369,3.21807,3.26269,3.30754,3.3526,3.39786,3.44329,3.48888,3.53459,3.58042,3.62633,3.67231,3.71833,3.76437,3.81039,3.85638,3.90231,3.94815,3.99388,4.03947,4.08488,4.13009,4.17508,4.21981,4.26425,4.30837,4.35214,4.39554,4.43852,4.48107,4.52314,4.56471,4.60574,4.64621,4.68608,
1.98874,2.02005,2.05186,2.08414,2.11691,2.15017,2.1839,2.21811,2.2528,2.28796,2.32359,2.35969,2.39625,2.43326,2.47072,2.50863,2.54697,2.58574,2.62494,2.66455,2.70456,2.74497,2.78576,2.82692,2.86845,2.91033,2.95254,2.99508,3.03793,3.08107,3.12449,3.16817,3.2121,3.25626,3.30062,3.34518,3.38991,3.43479,3.47979,3.52491,3.57011,3.61538,3.66068,3.70601,3.75132,3.7966,3.84181,3.88694,3.93196,3.97684,4.02155,4.06606,4.11035,4.15439,4.19814,4.24157,4.28467,4.32739,4.36971,4.41159,4.45301,4.49394,4.53434,4.57418,4.61343,
1.9579,1.98874,2.02005,2.05183,2.08409,2.11683,2.15004,2.18372,2.21788,2.25249,2.28757,2.32311,2.3591,2.39553,2.43241,2.46973,2.50748,2.54565,2.58424,2.62324,2.66263,2.70241,2.74257,2.7831,2.82398,2.86521,2.90677,2.94865,2.99083,3.0333,3.07605,3.11906,3.1623,3.20577,3.24945,3.29332,3.33735,3.38153,3.42584,3.47026,3.51476,3.55933,3.60393,3.64855,3.69316,3.73773,3.78225,3.82668,3.871,3.91519,3.9592,4.00303,4.04663,4.08998,4.13305,4.17582,4.21824,4.2603,4.30196,4.3432,4.38398,4.42427,4.46404,4.50326,4.5419,
1.92755,1.9579,1.98873,2.02002,2.05178,2.08401,2.11671,2.14987,2.18349,2.21757,2.2521,2.28709,2.32252,2.35839,2.3947,2.43144,2.46861,2.50619,2.54418,2.58257,2.62135,2.66051,2.70005,2.73995,2.7802,2.82079,2.8617,2.90293,2.94446,2.98628,3.02836,3.0707,3.11328,3.15607,3.19907,3.24226,3.28561,3.32911,3.37273,3.41646,3.46027,3.50415,3.54806,3.59198,3.6359,3.67979,3.72361,3.76736,3.81099,3.85449,3.89782,3.94096,3.98389,4.02657,4.06897,4.11108,4.15284,4.19425,4.23527,4.27586,4.31601,4.35567,4.39483,4.43344,4.47149,
1.89767,1.92755,1.95789,1.9887,2.01997,2.0517,2.08389,2.11654,2.14964,2.18319,2.21719,2.25163,2.28651,2.32183,2.35758,2.39375,2.43033,2.46733,2.50473,2.54253,2.58071,2.61926,2.65819,2.69747,2.7371,2.77706,2.81734,2.85793,2.89881,2.93998,2.98141,3.02309,3.06501,3.10714,3.14948,3.19199,3.23467,3.2775,3.32044,3.36349,3.40663,3.44982,3.49305,3.53629,3.57953,3.62274,3.66588,3.70895,3.75191,3.79473,3.83739,3.87987,3.92213,3.96414,4.00589,4.04734,4.08846,4.12923,4.16961,4.20957,4.2491,4.28815,4.32669,4.36471,4.40216,
1.86825,1.89767,1.92754,1.95787,1.98866,2.0199,2.05159,2.08372,2.11631,2.14934,2.18281,2.21672,2.25106,2.28583,2.32103,2.35664,2.39266,2.42908,2.4659,2.50311,2.5407,2.57866,2.61698,2.65565,2.69466,2.734,2.77366,2.81362,2.85387,2.8944,2.93519,2.97622,3.01749,3.05897,3.10065,3.14251,3.18452,3.22668,3.26896,3.31135,3.35381,3.39633,3.43889,3.48147,3.52404,3.56657,3.60905,3.65145,3.69374,3.7359,3.7779,3.81971,3.86132,3.90268,3.94378,3.98459,4.02507,4.06521,4.10496,4.14431,4.18322,4.22166,4.25961,4.29704,4.33391,
1.83928,1.86824,1.89766,1.92752,1.95783,1.98858,2.01978,2.05142,2.0835,2.11602,2.14897,2.18236,2.21617,2.2504,2.28504,2.3201,2.35556,2.39142,2.42767,2.4643,2.50131,2.53868,2.57641,2.61448,2.65288,2.69162,2.73066,2.77,2.80963,2.84952,2.88968,2.93008,2.97071,3.01155,3.05258,3.09379,3.13515,3.17666,3.21828,3.26001,3.30181,3.34368,3.38558,3.42749,3.4694,3.51128,3.5531,3.59484,3.63647,3.67798,3.71933,3.76049,3.80145,3.84218,3.88264,3.92282,3.96267,4.00218,4.04132,4.08006,4.11836,4.15621,4.19357,4.23042,4.26672,
1.81077,1.83928,1.86824,1.89763,1.92747,1.95775,1.98846,2.01962,2.0512,2.08321,2.11566,2.14852,2.18181,2.21551,2.24962,2.28413,2.31904,2.35434,2.39003,2.4261,2.46253,2.49932,2.53646,2.57394,2.61176,2.64989,2.68832,2.72705,2.76607,2.80535,2.84488,2.88466,2.92465,2.96486,3.00525,3.04582,3.08655,3.12741,3.16839,3.20947,3.25062,3.29184,3.33309,3.37436,3.41561,3.45684,3.49801,3.5391,3.58009,3.62095,3.66166,3.70219,3.74252,3.78261,3.82245,3.862,3.90124,3.94013,3.97867,4.0168,4.05452,4.09178,4.12856,4.16483,4.20057,
1.78269,1.81076,1.83927,1.86821,1.89759,1.9274,1.95764,1.9883,2.0194,2.05092,2.08286,2.11521,2.14798,2.18116,2.21474,2.24872,2.28309,2.31784,2.35298,2.38848,2.42435,2.46057,2.49714,2.53404,2.57126,2.6088,2.64664,2.68477,2.72318,2.76185,2.80078,2.83993,2.87931,2.91889,2.95866,2.9986,3.03869,3.07892,3.11927,3.15971,3.20023,3.2408,3.28142,3.32204,3.36266,3.40325,3.44378,3.48423,3.52459,3.56482,3.60489,3.6448,3.6845,3.72397,3.76319,3.80212,3.84075,3.87905,3.91698,3.95453,3.99166,4.02834,4.06455,4.10026,4.13545,
1.75505,1.78269,1.81076,1.83925,1.86817,1.89752,1.92729,1.95748,1.98809,2.01912,2.05056,2.08242,2.11468,2.14734,2.1804,2.21385,2.24769,2.28191,2.3165,2.35145,2.38676,2.42242,2.45842,2.49475,2.5314,2.56836,2.60561,2.64315,2.68096,2.71904,2.75735,2.7959,2.83467,2.87364,2.91279,2.95211,2.99158,3.03119,3.07091,3.11072,3.15061,3.19056,3.23054,3.27054,3.31053,3.35048,3.39039,3.43022,3.46995,3.50955,3.54901,3.58829,3.62737,3.66623,3.70484,3.74318,3.78121,3.81891,3.85626,3.89322,3.92977,3.96589,4.00154,4.0367,4.07134,
1.72785,1.75505,1.78268,1.81073,1.83921,1.8681,1.89741,1.92713,1.95727,1.98782,2.01877,2.05013,2.08189,2.11405,2.1466,2.17953,2.21284,2.24653,2.28058,2.315,2.34976,2.38487,2.42031,2.45607,2.49215,2.52854,2.56522,2.60217,2.6394,2.67688,2.71461,2.75256,2.79072,2.82909,2.86763,2.90634,2.9452,2.98419,3.0233,3.0625,3.10177,3.1411,3.18046,3.21983,3.2592,3.29854,3.33783,3.37704,3.41615,3.45514,3.49398,3.53266,3.57114,3.60939,3.6474,3.68514,3.72259,3.7597,3.79647,3.83286,3.86885,3.9044,3.9395,3.97411,4.00821,
1.70106,1.72784,1.75505,1.78266,1.81069,1.83914,1.86799,1.89725,1.92692,1.957,1.98748,2.01835,2.04962,2.08128,2.11332,2.14574,2.17854,2.2117,2.24523,2.27911,2.31333,2.34789,2.38279,2.418,2.45352,2.48934,2.52545,2.56183,2.59848,2.63538,2.67252,2.70988,2.74746,2.78523,2.82317,2.86128,2.89954,2.93793,2.97643,3.01502,3.05368,3.0924,3.13115,3.16991,3.20867,3.2474,3.28608,3.32468,3.36319,3.40157,3.43981,3.47789,3.51577,3.55343,3.59086,3.62801,3.66487,3.70141,3.73761,3.77344,3.80886,3.84387,3.87842,3.9125,3.94607,
1.67468,1.70106,1.72784,1.75502,1.78262,1.81062,1.83903,1.86784,1.89705,1.92666,1.95666,1.98706,2.01784,2.04901,2.08055,2.11247,2.14476,2.17741,2.21042,2.24377,2.27747,2.31149,2.34584,2.38051,2.41548,2.45074,2.48629,2.52211,2.55819,2.59452,2.63109,2.66787,2.70486,2.74204,2.7794,2.81692,2.85459,2.89238,2.93028,2.96827,3.00634,3.04445,3.08261,3.12077,3.15893,3.19705,3.23513,3.27314,3.31104,3.34884,3.38649,3.42397,3.46126,3.49834,3.53519,3.57176,3.60805,3.64403,3.67966,3.71493,3.74981,3.78427,3.81829,3.85184,3.8849,
1.64872,1.67468,1.70105,1.72782,1.75498,1.78255,1.81052,1.83888,1.86764,1.89679,1.92633,1.95625,1.98656,2.01724,2.0483,2.07972,2.11151,2.14366,2.17615,2.20899,2.24216,2.27566,2.30947,2.3436,2.37803,2.41275,2.44775,2.48301,2.51853,2.5543,2.59029,2.62651,2.66293,2.69953,2.73631,2.77325,2.81033,2.84754,2.88485,2.92225,2.95973,2.99725,3.03481,3.07239,3.10995,3.14749,3.18497,3.22239,3.25971,3.29692,3.33398,3.37089,3.4076,3.44411,3.48038,3.51639,3.55212,3.58753,3.62262,3.65734,3.69168,3.72561,3.7591,3.79212,3.82467,
1.62316,1.64872,1.67468,1.70103,1.72777,1.75492,1.78245,1.81037,1.83868,1.86738,1.89646,1.92592,1.95576,1.98597,2.01654,2.04748,2.07878,2.11042,2.14241,2.17474,2.2074,2.24038,2.27367,2.30727,2.34116,2.37534,2.4098,2.44452,2.47949,2.5147,2.55014,2.58579,2.62164,2.65768,2.69389,2.73026,2.76676,2.80339,2.84013,2.87695,2.91384,2.95079,2.98776,3.02475,3.06174,3.09869,3.1356,3.17243,3.20917,3.2458,3.28229,3.31862,3.35477,3.39071,3.42642,3.46187,3.49705,3.53191,3.56645,3.60064,3.63444,3.66784,3.70082,3.73333,3.76537,
1.598,1.62316,1.64871,1.67466,1.70099,1.72771,1.75481,1.7823,1.81018,1.83843,1.86706,1.89606,1.92544,1.95518,1.98528,2.01574,2.04655,2.0777,2.1092,2.14102,2.17317,2.20564,2.23842,2.2715,2.30487,2.33852,2.37244,2.40662,2.44105,2.47571,2.5106,2.5457,2.581,2.61648,2.65213,2.68793,2.72387,2.75993,2.79609,2.83235,2.86867,2.90504,2.94144,2.97786,3.01427,3.05065,3.08698,3.12325,3.15942,3.19548,3.23141,3.26717,3.30276,3.33814,3.3733,3.4082,3.44283,3.47716,3.51116,3.54482,3.5781,3.61098,3.64344,3.67545,3.70699,
1.57322,1.59799,1.62315,1.64869,1.67462,1.70092,1.72761,1.75467,1.78211,1.80993,1.83811,1.86667,1.89559,1.92487,1.9545,1.98449,2.01482,2.04549,2.0765,2.10783,2.13948,2.17145,2.20372,2.23628,2.26913,2.30226,2.33565,2.36931,2.4032,2.43733,2.47168,2.50623,2.54098,2.57591,2.61101,2.64626,2.68164,2.71714,2.75274,2.78843,2.82419,2.86,2.89584,2.93169,2.96754,3.00335,3.03912,3.07483,3.11044,3.14594,3.18131,3.21652,3.25156,3.28639,3.321,3.35536,3.38945,3.42325,3.45673,3.48986,3.52262,3.555,3.58695,3.61847,3.64952,
1.54883,1.57322,1.59799,1.62313,1.64865,1.67455,1.70082,1.72747,1.75448,1.78187,1.80962,1.83773,1.8662,1.89502,1.9242,1.95372,1.98358,2.01378,2.0443,2.07515,2.10631,2.13778,2.16955,2.20161,2.23395,2.26657,2.29944,2.33257,2.36594,2.39954,2.43336,2.46738,2.50159,2.53598,2.57053,2.60523,2.64006,2.67501,2.71007,2.7452,2.78041,2.81566,2.85094,2.88624,2.92153,2.95679,2.99201,3.02716,3.06222,3.09717,3.13199,3.16665,3.20115,3.23544,3.26951,3.30334,3.3369,3.37018,3.40313,3.43575,3.46801,3.49988,3.53134,3.56237,3.59294,
1.52482,1.54883,1.57321,1.59797,1.62309,1.64859,1.67445,1.70069,1.72728,1.75424,1.78156,1.80924,1.83727,1.86564,1.89437,1.92343,1.95283,1.98256,2.01261,2.04298,2.07366,2.10464,2.13591,2.16748,2.19932,2.23143,2.26379,2.29641,2.32926,2.36234,2.39563,2.42912,2.4628,2.49666,2.53068,2.56484,2.59913,2.63354,2.66805,2.70264,2.7373,2.77201,2.80674,2.84149,2.87623,2.91095,2.94562,2.98022,3.01474,3.04915,3.08343,3.11756,3.15152,3.18528,3.21882,3.25213,3.28517,3.31793,3.35037,3.38249,3.41424,3.44562,3.4766,3.50714,3.53724,
1.50118,1.52482,1.54882,1.57319,1.59793,1.62303,1.64849,1.67432,1.7005,1.72705,1.75394,1.78119,1.80878,1.83672,1.865,1.89361,1.92255,1.95182,1.98141,2.0113,2.04151,2.07201,2.1028,2.13387,2.16522,2.19683,2.2287,2.26081,2.29315,2.32571,2.35849,2.39146,2.42462,2.45795,2.49144,2.52507,2.55884,2.59271,2.62669,2.66074,2.69486,2.72903,2.76323,2.79744,2.83164,2.86582,2.89995,2.93402,2.968,3.00188,3.03563,3.06923,3.10266,3.1359,3.16892,3.20171,3.23424,3.26649,3.29843,3.33005,3.36131,3.3922,3.4227,3.45277,3.4824,
1.4779,1.50118,1.52481,1.5488,1.57316,1.59787,1.62294,1.64836,1.67414,1.70027,1.72675,1.75357,1.78074,1.80824,1.83608,1.86425,1.89275,1.92156,1.95069,1.98012,2.00986,2.03989,2.0702,2.10079,2.13165,2.16277,2.19414,2.22576,2.2576,2.28966,2.32192,2.35439,2.38703,2.41985,2.45282,2.48593,2.51917,2.55252,2.58596,2.61949,2.65308,2.68672,2.72039,2.75407,2.78774,2.82139,2.85499,2.88853,2.92199,2.95534,2.98856,3.02164,3.05455,3.08728,3.11979,3.15207,3.1841,3.21584,3.24729,3.27842,3.3092,3.33961,3.36963,3.39924,3.42841,
1.45499,1.4779,1.50117,1.52479,1.54877,1.5731,1.59778,1.62281,1.64819,1.67391,1.69998,1.72639,1.75313,1.78021,1.80762,1.83535,1.8634,1.89177,1.92044,1.94942,1.9787,2.00826,2.0381,2.06822,2.0986,2.12924,2.16013,2.19125,2.2226,2.25416,2.28593,2.31789,2.35002,2.38233,2.41479,2.44739,2.48011,2.51294,2.54587,2.57888,2.61195,2.64507,2.67821,2.71137,2.74452,2.77765,2.81073,2.84375,2.87669,2.90952,2.94223,2.9748,3.0072,3.03941,3.07142,3.1032,3.13473,3.16599,3.19695,3.22759,3.25789,3.28783,3.31739,3.34654,3.37526,
1.43243,1.45499,1.4779,1.50115,1.52476,1.54871,1.573,1.59765,1.62263,1.64796,1.67362,1.69962,1.72595,1.75261,1.77959,1.8069,1.83451,1.86244,1.89067,1.9192,1.94802,1.97712,2.00651,2.03616,2.06607,2.09623,2.12664,2.15728,2.18814,2.21921,2.25049,2.28195,2.31359,2.34539,2.37735,2.40944,2.44166,2.47398,2.5064,2.5389,2.57146,2.60406,2.63669,2.66934,2.70197,2.73458,2.76715,2.79966,2.83209,2.86441,2.89661,2.92868,2.96058,2.99229,3.0238,3.05509,3.08613,3.1169,3.14738,3.17755,3.20739,3.23686,3.26596,3.29465,3.32293,
1.41023,1.43243,1.45498,1.47788,1.50112,1.5247,1.54862,1.57288,1.59748,1.62241,1.64767,1.67327,1.69919,1.72544,1.752,1.77888,1.80607,1.83357,1.86136,1.88945,1.91782,1.94647,1.9754,2.00459,2.03404,2.06373,2.09367,2.12383,2.15421,2.18481,2.2156,2.24657,2.27772,2.30903,2.34049,2.37209,2.4038,2.43563,2.46754,2.49954,2.53159,2.56369,2.59581,2.62795,2.66008,2.69219,2.72425,2.75626,2.78818,2.82,2.85171,2.88327,2.91468,2.9459,2.97692,3.00773,3.03829,3.06858,3.09859,3.12829,3.15766,3.18668,3.21533,3.24358,3.27141,
1.38836,1.41023,1.43243,1.45497,1.47784,1.50106,1.52461,1.54849,1.57271,1.59726,1.62213,1.64733,1.67285,1.69869,1.72484,1.7513,1.77807,1.80514,1.8325,1.86015,1.88809,1.91629,1.94477,1.97351,2.0025,2.03174,2.06121,2.0909,2.12082,2.15093,2.18125,2.21174,2.24241,2.27323,2.30421,2.33531,2.36654,2.39787,2.42929,2.46078,2.49234,2.52394,2.55557,2.58721,2.61884,2.65045,2.68202,2.71352,2.74495,2.77628,2.80749,2.83857,2.86949,2.90023,2.93077,2.9611,2.99118,3.02101,3.05055,3.07979,3.1087,3.13727,3.16548,3.19329,3.22069,
1.36684,1.38836,1.41022,1.43241,1.45493,1.47779,1.50097,1.52449,1.54833,1.57249,1.59698,1.62179,1.64691,1.67235,1.6981,1.72415,1.7505,1.77715,1.80409,1.83131,1.85881,1.88659,1.91462,1.94291,1.97146,2.00024,2.02925,2.05849,2.08794,2.11759,2.14743,2.17745,2.20764,2.23799,2.26848,2.29911,2.32985,2.36069,2.39163,2.42263,2.4537,2.48481,2.51595,2.5471,2.57824,2.60936,2.64044,2.67146,2.7024,2.73324,2.76397,2.79456,2.825,2.85527,2.88533,2.91519,2.94481,2.97417,3.00325,3.03204,3.06051,3.08864,3.1164,3.14378,3.17076,
1.34565,1.36684,1.38836,1.4102,1.43238,1.45488,1.4777,1.50085,1.52432,1.54811,1.57222,1.59665,1.62138,1.64642,1.67177,1.69742,1.72337,1.7496,1.77612,1.80292,1.83,1.85734,1.88494,1.91279,1.94089,1.96923,1.99779,2.02657,2.05557,2.08476,2.11414,2.14369,2.17342,2.20329,2.23331,2.26346,2.29373,2.32409,2.35455,2.38507,2.41566,2.44629,2.47694,2.50761,2.53827,2.5689,2.5995,2.63004,2.6605,2.69087,2.72112,2.75124,2.7812,2.811,2.8406,2.86999,2.89915,2.92806,2.95669,2.98503,3.01306,3.04075,3.06808,3.09504,3.1216,
1.32478,1.34565,1.36683,1.38834,1.41017,1.43232,1.45479,1.47758,1.50069,1.52411,1.54785,1.57189,1.59624,1.6209,1.64585,1.67111,1.69665,1.72248,1.74858,1.77497,1.80162,1.82854,1.85572,1.88314,1.9108,1.9387,1.96682,1.99516,2.0237,2.05244,2.08136,2.11046,2.13972,2.16914,2.19869,2.22837,2.25817,2.28806,2.31804,2.3481,2.37821,2.40836,2.43854,2.46873,2.49892,2.52908,2.5592,2.58926,2.61925,2.64915,2.67893,2.70858,2.73808,2.76742,2.79656,2.8255,2.85421,2.88266,2.91085,2.93876,2.96635,2.99361,3.02052,3.04706,3.0732,
1.30425,1.32478,1.34564,1.36681,1.38831,1.41011,1.43224,1.45467,1.47742,1.50048,1.52385,1.54752,1.5715,1.59577,1.62034,1.6452,1.67034,1.69577,1.72148,1.74745,1.77369,1.80019,1.82694,1.85394,1.88118,1.90864,1.93633,1.96422,1.99232,2.02062,2.04909,2.07774,2.10655,2.13551,2.1646,2.19382,2.22316,2.25259,2.2821,2.31169,2.34134,2.37102,2.40074,2.43046,2.46017,2.48987,2.51952,2.54912,2.57864,2.60808,2.6374,2.66659,2.69563,2.72451,2.75321,2.78169,2.80996,2.83797,2.86573,2.89319,2.92036,2.9472,2.97369,2.99982,3.02556,
1.28403,1.30425,1.32478,1.34562,1.36678,1.38825,1.41003,1.43212,1.45452,1.47722,1.50022,1.52353,1.54713,1.57103,1.59522,1.61969,1.64445,1.66948,1.69479,1.72036,1.74619,1.77228,1.79862,1.8252,1.85201,1.87905,1.90631,1.93377,1.96143,1.98929,2.01732,2.04553,2.07389,2.1024,2.13104,2.15981,2.18869,2.21766,2.24672,2.27585,2.30504,2.33426,2.36352,2.39278,2.42203,2.45127,2.48046,2.5096,2.53867,2.56764,2.59651,2.62525,2.65384,2.68227,2.71052,2.73857,2.76639,2.79397,2.8213,2.84834,2.87508,2.9015,2.92759,2.95331,2.97865,
1.26412,1.28402,1.30424,1.32476,1.34559,1.36673,1.38817,1.40992,1.43197,1.45432,1.47697,1.49991,1.52315,1.54667,1.57049,1.59458,1.61895,1.6436,1.66851,1.69369,1.71912,1.74481,1.77074,1.7969,1.8233,1.84992,1.87675,1.90379,1.93103,1.95845,1.98605,2.01381,2.04174,2.0698,2.098,2.12633,2.15476,2.18328,2.21189,2.24057,2.2693,2.29807,2.32687,2.35568,2.38448,2.41326,2.442,2.47069,2.49931,2.52783,2.55625,2.58455,2.6127,2.64069,2.6685,2.69611,2.7235,2.75066,2.77756,2.80418,2.83051,2.85652,2.8822,2.90752,2.93247,
1.24452,1.26412,1.28402,1.30422,1.32473,1.34554,1.36665,1.38806,1.40977,1.43177,1.45407,1.47666,1.49953,1.52269,1.54614,1.56986,1.59385,1.61812,1.64264,1.66743,1.69247,1.71776,1.74328,1.76904,1.79503,1.82124,1.84766,1.87427,1.90109,1.92809,1.95526,1.98259,2.01008,2.03771,2.06548,2.09336,2.12135,2.14943,2.1776,2.20583,2.23412,2.26245,2.2908,2.31916,2.34751,2.37585,2.40415,2.43239,2.46056,2.48864,2.51662,2.54448,2.57219,2.59975,2.62713,2.65431,2.68128,2.70801,2.73449,2.76071,2.78662,2.81223,2.83751,2.86245,2.88701,
1.22523,1.24452,1.26411,1.284,1.30419,1.32468,1.34546,1.36654,1.38791,1.40957,1.43152,1.45376,1.47628,1.49909,1.52217,1.54552,1.56914,1.59303,1.61718,1.64158,1.66623,1.69112,1.71626,1.74162,1.7672,1.793,1.81901,1.84522,1.87161,1.89819,1.92494,1.95186,1.97892,2.00612,2.03346,2.06091,2.08846,2.11611,2.14384,2.17163,2.19948,2.22737,2.25528,2.2832,2.31112,2.33901,2.36687,2.39468,2.42241,2.45006,2.47761,2.50503,2.53231,2.55944,2.5864,2.61316,2.63971,2.66603,2.6921,2.7179,2.74342,2.76863,2.79352,2.81807,2.84225,
1.20623,1.22522,1.24451,1.2641,1.28397,1.30414,1.3246,1.34535,1.36639,1.38772,1.40933,1.43122,1.4534,1.47585,1.49857,1.52156,1.54481,1.56833,1.5921,1.61613,1.6404,1.66491,1.68965,1.71462,1.7398,1.7652,1.79081,1.81661,1.8426,1.86876,1.8951,1.92159,1.94824,1.97502,2.00193,2.02895,2.05608,2.0833,2.1106,2.13797,2.16538,2.19284,2.22032,2.24781,2.27529,2.30275,2.33018,2.35755,2.38486,2.41208,2.43919,2.46619,2.49305,2.51976,2.5463,2.57265,2.59878,2.6247,2.65036,2.67577,2.70089,2.72571,2.75021,2.77438,2.79818,
1.18753,1.20623,1.22522,1.2445,1.26407,1.28392,1.30407,1.3245,1.34521,1.36621,1.38748,1.40903,1.43086,1.45296,1.47533,1.49797,1.52086,1.54402,1.56742,1.59107,1.61497,1.63909,1.66345,1.68803,1.71283,1.73784,1.76304,1.78845,1.81403,1.83979,1.86572,1.8918,1.91803,1.9444,1.97089,1.9975,2.02421,2.051,2.07788,2.10482,2.13181,2.15884,2.18589,2.21296,2.24001,2.26705,2.29405,2.321,2.34788,2.37468,2.40138,2.42796,2.4544,2.4807,2.50682,2.53276,2.55849,2.584,2.60927,2.63428,2.65902,2.68345,2.70758,2.73136,2.7548,
1.16912,1.18753,1.20622,1.2252,1.24447,1.26402,1.28385,1.30396,1.32435,1.34502,1.36597,1.38719,1.40868,1.43044,1.45246,1.47475,1.49729,1.52008,1.54312,1.56641,1.58993,1.61368,1.63766,1.66186,1.68628,1.71089,1.73571,1.76072,1.78591,1.81127,1.83679,1.86247,1.8883,1.91426,1.94034,1.96653,1.99282,2.01921,2.04567,2.07219,2.09876,2.12537,2.15201,2.17865,2.20529,2.2319,2.25849,2.28502,2.31148,2.33786,2.36415,2.39032,2.41635,2.44224,2.46796,2.49349,2.51883,2.54394,2.56882,2.59344,2.61779,2.64185,2.6656,2.68902,2.71209,
1.15099,1.16912,1.18752,1.20621,1.22518,1.24442,1.26394,1.28375,1.30382,1.32417,1.34479,1.36568,1.38684,1.40826,1.42994,1.45188,1.47407,1.49651,1.5192,1.54212,1.56528,1.58866,1.61227,1.6361,1.66013,1.68437,1.7088,1.73342,1.75822,1.78319,1.80832,1.8336,1.85902,1.88458,1.91025,1.93604,1.96193,1.9879,2.01395,2.04006,2.06622,2.09242,2.11864,2.14487,2.1711,2.1973,2.22347,2.24959,2.27565,2.30162,2.32749,2.35326,2.37889,2.40437,2.4297,2.45484,2.47978,2.5045,2.52899,2.55323,2.57721,2.60089,2.62427,2.64733,2.67005,
1.13315,1.15099,1.16911,1.18751,1.20618,1.22513,1.24435,1.26384,1.28361,1.30364,1.32394,1.34451,1.36534,1.38643,1.40777,1.42937,1.45122,1.47331,1.49564,1.51821,1.54101,1.56403,1.58728,1.61073,1.63439,1.65826,1.68231,1.70655,1.73096,1.75554,1.78028,1.80517,1.8302,1.85536,1.88064,1.90603,1.93151,1.95708,1.98273,2.00843,2.03419,2.05998,2.08579,2.11162,2.13744,2.16323,2.189,2.21471,2.24036,2.26594,2.29141,2.31677,2.34201,2.3671,2.39203,2.41678,2.44133,2.46567,2.48979,2.51365,2.53725,2.56057,2.58359,2.60629,2.62865,
1.11558,1.13315,1.15099,1.1691,1.18748,1.20613,1.22506,1.24425,1.26371,1.28343,1.30342,1.32367,1.34417,1.36493,1.38595,1.40721,1.42872,1.45047,1.47246,1.49467,1.51712,1.53979,1.56267,1.58576,1.60906,1.63255,1.65623,1.68009,1.70412,1.72832,1.75268,1.77718,1.80183,1.8266,1.85148,1.87648,1.90157,1.92674,1.95199,1.9773,2.00265,2.02804,2.05346,2.07888,2.1043,2.1297,2.15506,2.18038,2.20563,2.23081,2.25589,2.28086,2.3057,2.3304,2.35494,2.37931,2.40348,2.42745,2.45119,2.47468,2.49791,2.52087,2.54353,2.56588,2.5879,
1.09829,1.11558,1.13314,1.15097,1.16907,1.18744,1.20606,1.22496,1.24412,1.26353,1.28321,1.30314,1.32333,1.34377,1.36446,1.38539,1.40657,1.42798,1.44963,1.4715,1.4936,1.51591,1.53844,1.56118,1.58411,1.60724,1.63055,1.65404,1.6777,1.70153,1.72551,1.74963,1.77389,1.79828,1.82278,1.84738,1.87208,1.89687,1.92172,1.94664,1.9716,1.9966,2.02162,2.04665,2.07167,2.09668,2.12165,2.14657,2.17144,2.19622,2.22091,2.24549,2.26995,2.29427,2.31843,2.34242,2.36622,2.38981,2.41318,2.43631,2.45919,2.48179,2.5041,2.5261,2.54778,
1.08126,1.09828,1.11557,1.13313,1.15095,1.16903,1.18737,1.20597,1.22483,1.24394,1.26332,1.28294,1.30282,1.32294,1.34331,1.36392,1.38476,1.40584,1.42715,1.44869,1.47044,1.49241,1.51459,1.53697,1.55955,1.58232,1.60527,1.6284,1.65169,1.67515,1.69876,1.72251,1.74639,1.7704,1.79452,1.81874,1.84306,1.86746,1.89193,1.91646,1.94104,1.96565,1.99028,2.01492,2.03956,2.06417,2.08876,2.1133,2.13777,2.16217,2.18648,2.21068,2.23476,2.2587,2.28249,2.3061,2.32953,2.35276,2.37577,2.39854,2.42106,2.44331,2.46528,2.48694,2.50828,
1.06449,1.08126,1.09828,1.11556,1.1331,1.1509,1.16896,1.18727,1.20584,1.22466,1.24373,1.26305,1.28262,1.30243,1.32248,1.34277,1.36329,1.38405,1.40503,1.42623,1.44765,1.46927,1.49111,1.51314,1.53537,1.55779,1.58038,1.60315,1.62609,1.64918,1.67242,1.6958,1.71931,1.74295,1.7667,1.79055,1.81449,1.83851,1.8626,1.88675,1.91094,1.93517,1.95942,1.98368,2.00794,2.03217,2.05637,2.08053,2.10463,2.12865,2.15258,2.17641,2.20011,2.22368,2.2471,2.27035,2.29342,2.31629,2.33894,2.36136,2.38353,2.40543,2.42705,2.44838,2.46939,
1.04799,1.06449,1.08125,1.09827,1.11554,1.13306,1.15083,1.16886,1.18714,1.20567,1.22445,1.24347,1.26273,1.28224,1.30198,1.32195,1.34216,1.36259,1.38324,1.40412,1.4252,1.4465,1.46799,1.48968,1.51157,1.53364,1.55588,1.5783,1.60088,1.62361,1.64649,1.66951,1.69266,1.71593,1.73931,1.76279,1.78636,1.81,1.83372,1.8575,1.88132,1.90517,1.92905,1.95293,1.97681,2.00067,2.02449,2.04828,2.072,2.09565,2.11921,2.14267,2.166,2.18921,2.21226,2.23515,2.25786,2.28038,2.30268,2.32475,2.34657,2.36814,2.38943,2.41042,2.43111,
1.03174,1.04799,1.06449,1.08124,1.09824,1.11549,1.13299,1.15074,1.16874,1.18698,1.20546,1.22419,1.24316,1.26236,1.28179,1.30146,1.32135,1.34147,1.3618,1.38235,1.40311,1.42407,1.44523,1.46659,1.48813,1.50986,1.53176,1.55383,1.57606,1.59844,1.62096,1.64363,1.66642,1.68932,1.71234,1.73546,1.75866,1.78194,1.80529,1.8287,1.85215,1.87563,1.89914,1.92265,1.94616,1.96965,1.99311,2.01652,2.03988,2.06316,2.08635,2.10945,2.13242,2.15527,2.17796,2.2005,2.22286,2.24502,2.26698,2.2887,2.31019,2.33142,2.35238,2.37305,2.39341,
1.01575,1.03174,1.04799,1.06448,1.08121,1.0982,1.11543,1.1329,1.15062,1.16858,1.18678,1.20521,1.22388,1.24279,1.26192,1.28128,1.30086,1.32067,1.34069,1.36092,1.38135,1.40199,1.42283,1.44385,1.46506,1.48645,1.50801,1.52974,1.55162,1.57366,1.59583,1.61814,1.64058,1.66313,1.68579,1.70855,1.7314,1.75432,1.7773,1.80035,1.82344,1.84655,1.86969,1.89284,1.91599,1.93911,1.96221,1.98526,2.00825,2.03117,2.05401,2.07674,2.09936,2.12185,2.1442,2.16638,2.1884,2.21022,2.23183,2.25322,2.27438,2.29528,2.31591,2.33626,2.35631,
1,1.01575,1.03174,1.04797,1.06445,1.08117,1.09813,1.11534,1.13278,1.15046,1.16838,1.18653,1.20491,1.22352,1.24236,1.26142,1.2807,1.30019,1.3199,1.33982,1.35994,1.38026,1.40077,1.42147,1.44235,1.46341,1.48463,1.50602,1.52757,1.54926,1.57109,1.59306,1.61515,1.63735,1.65966,1.68206,1.70455,1.72712,1.74975,1.77244,1.79517,1.81793,1.84071,1.8635,1.88628,1.90905,1.93178,1.95448,1.97712,1.99968,2.02216,2.04455,2.06681,2.08896,2.11096,2.1328,2.15447,2.17595,2.19723,2.21829,2.23912,2.25969,2.28001,2.30004,2.31978,
