u1,u2
0.879779,0
0.879779,-0.00145341
0.879777,-0.0029066
0.879775,-0.00435934
0.879771,-0.00581141
0.879767,-0.00726258
0.879761,-0.00871265
0.879754,-0.0101614
0.879747,-0.0116086
0.879738,-0.013054
0.879727,-0.0144974
0.879716,-0.0159387
0.879703,-0.0173776
0.879688,-0.0188139
0.879672,-0.0202474
0.879655,-0.0216779
0.879635,-0.0231052
0.879614,-0.0245292
0.879591,-0.0259496
0.879566,-0.0273663
0.879539,-0.0287791
0.87951,-0.0301878
0.879478,-0.0315923
0.879444,-0.0329924
0.879407,-0.0343879
0.879368,-0.0357787
0.879326,-0.0371647
0.879281,-0.0385457
0.879233,-0.0399216
0.879182,-0.0412922
0.879127,-0.0426574
0.879069,-0.0440171
0.879008,-0.0453712
0.878943,-0.0467196
0.878874,-0.0480621
0.878801,-0.0493987
0.878725,-0.0507292
0.878644,-0.0520536
0.878559,-0.0533717
0.878469,-0.0546836
0.878375,-0.055989
0.878276,-0.0572879
0.878173,-0.0585802
0.878065,-0.0598659
0.877951,-0.0611449
0.877833,-0.0624171
0.87771,-0.0636825
0.877581,-0.064941
0.877447,-0.0661925
0.877307,-0.0674369
0.877162,-0.0686743
0.877011,-0.0699046
0.876854,-0.0711277
0.876691,-0.0723435
0.876522,-0.0735521
0.876348,-0.0747533
0.876167,-0.0759472
0.87598,-0.0771337
0.875786,-0.0783127
0.875586,-0.0794842
0.87538,-0.0806483
0.875167,-0.0818047
0.874947,-0.0829536
0.874721,-0.0840949
0.874488,-0.0852284
0.874248,-0.0863543
0.874001,-0.0874725
0.873748,-0.0885829
0.873487,-0.0896855
0.873219,-0.0907804
0.872944,-0.0918673
0.872662,-0.0929464
0.872373,-0.0940176
0.872076,-0.0950809
0.871772,-0.0961362
0.871461,-0.0971835
0.871142,-0.0982228
0.870816,-0.099254
0.870482,-0.100277
0.870141,-0.101292
0.869793,-0.102299
0.869436,-0.103298
0.869072,-0.104289
0.868701,-0.105271
0.868321,-0.106245
0.867934,-0.107211
0.86754,-0.108169
0.867137,-0.109118
0.866727,-0.110059
0.866309,-0.110992
0.865883,-0.111916
0.86545,-0.112832
0.865008,-0.113739
0.864559,-0.114638
0.864101,-0.115528
0.863636,-0.11641
0.863163,-0.117283
0.862682,-0.118148
0.862193,-0.119004
0.861696,-0.119851
0.861192,-0.120689
0.860679,-0.121519
0.860158,-0.12234
0.859629,-0.123152
0.859093,-0.123956
0.858548,-0.12475
0.857996,-0.125536
0.857435,-0.126313
0.856867,-0.12708
0.85629,-0.127839
0.855706,-0.128589
0.855113,-0.129329
0.854513,-0.130061
0.853905,-0.130783
0.853288,-0.131496
0.852664,-0.1322
0.852032,-0.132895
0.851392,-0.133581
0.850744,-0.134257
0.850088,-0.134923
0.849424,-0.135581
0.848752,-0.136229
0.848072,-0.136867
0.847385,-0.137496
0.846689,-0.138115
0.845986,-0.138725
0.845274,-0.139325
0.844555,-0.139916
0.843828,-0.140496
0.843093,-0.141067
0.842351,-0.141628
0.8416,-0.14218
0.840842,-0.142721
0.840076,-0.143253
0.839302,-0.143774
0.83852,-0.144286
0.837731,-0.144787
0.836934,-0.145278
0.836129,-0.14576
0.835317,-0.146231
0.834496,-0.146692
0.833669,-0.147142
0.832833,-0.147582
0.83199,-0.148012
0.831139,-0.148432
0.83028,-0.148841
0.829414,-0.149239
0.828541,-0.149627
0.827659,-0.150005
0.82677,-0.150371
0.825874,-0.150728
0.82497,-0.151073
0.824059,-0.151408
0.82314,-0.151731
0.822213,-0.152044
0.821279,-0.152346
0.820338,-0.152637
0.819389,-0.152917
0.818433,-0.153186
0.817469,-0.153444
0.816498,-0.153691
0.81552,-0.153927
0.814534,-0.154151
0.813541,-0.154364
0.81254,-0.154566
0.811533,-0.154756
0.810517,-0.154935
0.809495,-0.155102
0.808465,-0.155258
0.807428,-0.155402
0.806384,-0.155535
0.805333,-0.155656
0.804274,-0.155765
0.803208,-0.155863
0.802135,-0.155948
0.801055,-0.156022
0.799967,-0.156084
0.798873,-0.156133
0.797771,-0.156171
0.796662,-0.156197
0.795546,-0.15621
0.794423,-0.156211
0.793293,-0.156201
0.792155,-0.156177
0.791011,-0.156142
0.789859,-0.156094
0.788701,-0.156033
0.787535,-0.15596
0.786362,-0.155875
0.785183,-0.155777
0.783996,-0.155666
0.782802,-0.155542
0.781602,-0.155406
0.780394,-0.155257
0.779179,-0.155095
0.777957,-0.15492
0.776729,-0.154733
0.775493,-0.154532
0.77425,-0.154318
0.773,-0.154091
0.771744,-0.15385
0.77048,-0.153597
0.76921,-0.15333
0.767932,-0.15305
0.766648,-0.152756
0.765356,-0.152449
0.764058,-0.152129
0.762752,-0.151795
0.76144,-0.151447
0.760121,-0.151086
0.758795,-0.15071
0.757461,-0.150322
0.756121,-0.149919
0.754774,-0.149502
0.75342,-0.149072
0.752059,-0.148627
0.75069,-0.148168
0.749315,-0.147695
0.747933,-0.147208
0.746544,-0.146707
0.745148,-0.146192
0.743745,-0.145662
0.742334,-0.145118
0.740917,-0.144559
0.739492,-0.143986
0.738061,-0.143398
0.736622,-0.142796
0.735176,-0.142178
0.733724,-0.141547
0.732263,-0.1409
0.730796,-0.140239
0.729322,-0.139562
0.72784,-0.138871
0.726351,-0.138165
0.724855,-0.137443
0.723351,-0.136707
0.721841,-0.135955
0.720323,-0.135188
0.718797,-0.134406
0.717264,-0.133608
0.715724,-0.132795
0.714176,-0.131966
0.712621,-0.131122
0.711058,-0.130262
0.709487,-0.129387
0.707909,-0.128496
0.706324,-0.127589
0.70473,-0.126666
0.703129,-0.125728
0.70152,-0.124773
0.699904,-0.123803
0.698279,-0.122816
0.696647,-0.121814
0.695006,-0.120795
0.693358,-0.11976
0.691702,-0.118708
0.690037,-0.117641
0.688364,-0.116556
0.686683,-0.115456
0.684994,-0.114339
0.683296,-0.113205
0.68159,-0.112054
0.679876,-0.110887
0.678153,-0.109703
0.676421,-0.108503
0.674681,-0.107285
0.672932,-0.106051
0.671174,-0.104799
0.669407,-0.103531
0.667631,-0.102245
0.665847,-0.100942
0.664053,-0.099622
0.662249,-0.0982846
0.660437,-0.0969299
0.658615,-0.0955578
0.656783,-0.0941683
0.654942,-0.0927612
0.653091,-0.0913365
0.651231,-0.0898943
0.64936,-0.0884343
0.64748,-0.0869566
0.645589,-0.0854611
0.643688,-0.0839478
0.641777,-0.0824166
0.639855,-0.0808674
0.637923,-0.0793002
0.63598,-0.0777149
0.634026,-0.0761115
0.632061,-0.0744899
0.630085,-0.0728501
0.628098,-0.0711921
0.6261,-0.0695157
0.62409,-0.0678209
0.622068,-0.0661077
0.620035,-0.064376
0.617989,-0.0626258
0.615932,-0.0608571
0.613862,-0.0590697
0.611779,-0.0572636
0.609685,-0.0554389
0.607577,-0.0535954
0.605456,-0.0517331
0.603323,-0.049852
0.601175,-0.047952
0.599015,-0.0460331
0.596841,-0.0440952
0.594652,-0.0421384
0.59245,-0.0401625
0.590234,-0.0381676
0.588003,-0.0361536
0.585757,-0.0341204
0.583496,-0.0320682
0.58122,-0.0299967
0.578929,-0.0279061
0.576622,-0.0257963
0.574299,-0.0236672
0.57196,-0.0215189
0.569604,-0.0193513
0.567232,-0.0171644
0.564843,-0.0149583
0.562437,-0.0127328
0.560014,-0.010488
0.557573,-0.00822398
0.555113,-0.00594061
0.552636,-0.00363796
0.55014,-0.00131601
0.547625,0.00102521
0.54509,0.00338568
0.542536,0.00576539
0.539963,0.00816432
0.537369,0.0105824
0.534754,0.0130197
0.532119,0.015476
0.529463,0.0179515
0.526784,0.0204459
0.524084,0.0229594
0.521362,0.0254917
0.518617,0.0280428
0.515848,0.0306128
0.513056,0.0332014
0.510241,0.0358086
0.507401,0.0384343
0.504536,0.0410785
0.501645,0.0437409
0.49873,0.0464215
0.495788,0.0491202
0.492819,0.0518368
0.489824,0.0545712
0.486801,0.0573232
0.48375,0.0600927
0.48067,0.0628795
0.477562,0.0656834
0.474424,0.0685042
0.471255,0.0713416
0.468057,0.0741956
0.464827,0.0770659
0.461565,0.0799521
0.458272,0.0828541
0.454945,0.0857715
0.451585,0.0887041
0.448191,0.0916516
0.444762,0.0946136
0.441298,0.0975898
0.437798,0.10058
0.434262,0.103583
0.430689,0.1066
0.427077,0.109629
0.423428,0.112671
0.419739,0.115724
0.41601,0.118788
0.412241,0.121863
0.408431,0.124949
0.404579,0.128044
0.400684,0.131148
0.396746,0.13426
0.392764,0.137381
0.388737,0.140508
0.384664,0.143642
0.380546,0.146782
0.37638,0.149927
0.372166,0.153076
0.367904,0.156228
0.363593,0.159382
0.359232,0.162538
0.354819,0.165695
0.350356,0.168851
0.34584,0.172006
0.34127,0.175158
0.336647,0.178307
0.33197,0.18145
0.327237,0.184588
0.322449,0.187719
0.317603,0.190841
0.3127,0.193953
0.307739,0.197054
0.30272,0.200142
0.297641,0.203216
0.292502,0.206274
0.287303,0.209315
0.282042,0.212336
0.27672,0.215337
0.271336,0.218315
0.265889,0.221269
0.260379,0.224197
0.254806,0.227097
0.24917,0.229966
0.243469,0.232803
0.237704,0.235606
0.231876,0.238373
0.225983,0.241101
0.220026,0.243788
0.214004,0.246432
0.207919,0.249031
0.20177,0.251582
0.195557,0.254082
0.189282,0.256531
0.182944,0.258924
0.176544,0.26126
0.170083,0.263536
0.163562,0.26575
0.156982,0.267899
0.150343,0.26998
0.143647,0.271991
0.136896,0.27393
0.13009,0.275795
0.123231,0.277582
0.116321,0.279289
0.109362,0.280914
0.102355,0.282456
0.0953027,0.28391
0.0882074,0.285276
0.0810711,0.286552
0.0738962,0.287735
0.0666853,0.288823
0.059441,0.289816
0.0521659,0.29071
0.044863,0.291505
0.037535,0.2922
0.030185,0.292792
0.022816,0.293281
0.0154312,0.293666
0.00803375,0.293947
0.000626815,0.294122
-0.00678632,0.294191
-0.0142024,0.294155
-0.0216181,0.294012
-0.0290301,0.293763
-0.0364352,0.293408
-0.0438301,0.292947
-0.0512115,0.292381
-0.0585764,0.291712
-0.0659214,0.290939
-0.0732436,0.290063
-0.0805399,0.289087
-0.0878074,0.288011
-0.0950433,0.286837
-0.102245,0.285566
-0.109409,0.284201
-0.116534,0.282742
-0.123617,0.281192
-0.130655,0.279554
-0.137647,0.277828
-0.14459,0.276018
-0.151483,0.274126
-0.158323,0.272154
-0.165109,0.270104
-0.171839,0.267979
-0.178512,0.265781
-0.185127,0.263513
-0.191681,0.261178
-0.198175,0.258777
-0.204608,0.256314
-0.210978,0.253791
-0.217284,0.251211
-0.223526,0.248575
-0.229704,0.245888
-0.235817,0.24315
-0.241864,0.240364
-0.247846,0.237533
-0.253763,0.23466
-0.259613,0.231746
-0.265398,0.228794
-0.271117,0.225805
-0.276771,0.222783
-0.282359,0.219729
-0.287882,0.216646
-0.29334,0.213535
-0.298734,0.210398
-0.304064,0.207238
-0.30933,0.204056
-0.314534,0.200853
-0.319675,0.197633
-0.324754,0.194396
-0.329772,0.191144
-0.334729,0.187878
-0.339627,0.184601
-0.344465,0.181313
-0.349244,0.178016
-0.353966,0.174712
-0.358631,0.171401
-0.363239,0.168085
-0.367792,0.164766
-0.37229,0.161444
-0.376734,0.158121
-0.381124,0.154797
-0.385462,0.151473
-0.389749,0.148152
-0.393985,0.144833
-0.39817,0.141518
-0.402306,0.138207
-0.406394,0.134901
-0.410434,0.131601
-0.414426,0.128309
-0.418373,0.125023
-0.422274,0.121746
-0.426131,0.118478
-0.429943,0.11522
-0.433712,0.111972
-0.437439,0.108734
-0.441124,0.105508
-0.444768,0.102294
-0.448372,0.099092
-0.451936,0.095903
-0.455461,0.0927273
-0.458948,0.0895652
-0.462398,0.0864174
-0.46581,0.083284
-0.469186,0.0801656
-0.472526,0.0770624
-0.475832,0.0739749
-0.479103,0.0709032
-0.48234,0.0678477
-0.485544,0.0648087
-0.488716,0.0617864
-0.491855,0.0587811
-0.494963,0.0557931
-0.49804,0.0528225
-0.501087,0.0498696
-0.504103,0.0469345
-0.507091,0.0440174
-0.510049,0.0411186
-0.51298,0.0382381
-0.515882,0.0353761
-0.518758,0.0325328
-0.521606,0.0297083
-0.524428,0.0269027
-0.527224,0.0241161
-0.529994,0.0213486
-0.53274,0.0186003
-0.535461,0.0158712
-0.538157,0.0131616
-0.54083,0.0104714
-0.543479,0.00780067
-0.546106,0.00514952
-0.548709,0.00251797
-0.551291,-9.39304e-05
-0.55385,-0.00268614
-0.556388,-0.00525864
-0.558905,-0.00781139
-0.561401,-0.0103444
-0.563877,-0.0128576
-0.566332,-0.015351
-0.568767,-0.0178246
-0.571183,-0.0202784
-0.57358,-0.0227124
-0.575958,-0.0251266
-0.578317,-0.027521
-0.580657,-0.0298956
-0.58298,-0.0322505
-0.585285,-0.0345856
-0.587572,-0.036901
-0.589842,-0.0391967
-0.592095,-0.0414728
-0.594331,-0.0437292
-0.596551,-0.045966
-0.598754,-0.0481833
-0.600942,-0.050381
-0.603113,-0.0525592
-0.605269,-0.054718
-0.60741,-0.0568574
-0.609535,-0.0589775
-0.611645,-0.0610782
-0.613741,-0.0631597
-0.615822,-0.065222
-0.617888,-0.0672651
-0.619941,-0.0692892
-0.621979,-0.0712942
-0.624004,-0.0732803
-0.626015,-0.0752474
-0.628012,-0.0771957
-0.629997,-0.0791252
-0.631968,-0.081036
-0.633926,-0.0829281
-0.635871,-0.0848016
-0.637803,-0.0866566
-0.639723,-0.0884932
-0.641631,-0.0903113
-0.643526,-0.0921111
-0.645409,-0.0938927
-0.64728,-0.095656
-0.64914,-0.0974013
-0.650987,-0.0991285
-0.652823,-0.100838
-0.654648,-0.102529
-0.656461,-0.104203
-0.658263,-0.105859
-0.660053,-0.107497
-0.661833,-0.109117
-0.663602,-0.11072
-0.66536,-0.112306
-0.667107,-0.113874
-0.668843,-0.115425
-0.670569,-0.116959
-0.672285,-0.118475
-0.67399,-0.119975
-0.675685,-0.121457
-0.67737,-0.122923
-0.679045,-0.124372
-0.680709,-0.125804
-0.682364,-0.12722
-0.684009,-0.128619
-0.685644,-0.130001
-0.687269,-0.131367
-0.688885,-0.132717
-0.690491,-0.13405
-0.692088,-0.135367
-0.693675,-0.136668
-0.695253,-0.137954
-0.696821,-0.139223
-0.698381,-0.140476
-0.699931,-0.141714
-0.701472,-0.142936
-0.703003,-0.144142
-0.704526,-0.145333
-0.70604,-0.146508
-0.707545,-0.147668
-0.709041,-0.148813
-0.710528,-0.149942
-0.712006,-0.151057
-0.713476,-0.152156
-0.714936,-0.15324
-0.716388,-0.15431
-0.717832,-0.155364
-0.719267,-0.156404
-0.720693,-0.15743
-0.722111,-0.158441
-0.72352,-0.159437
-0.724921,-0.160419
-0.726313,-0.161387
-0.727697,-0.16234
-0.729073,-0.163279
-0.73044,-0.164205
-0.731799,-0.165116
-0.733149,-0.166013
-0.734491,-0.166897
-0.735825,-0.167766
-0.737151,-0.168623
-0.738469,-0.169465
-0.739778,-0.170294
-0.74108,-0.17111
-0.742373,-0.171912
-0.743658,-0.172701
-0.744934,-0.173477
-0.746203,-0.17424
-0.747464,-0.17499
-0.748717,-0.175727
-0.749961,-0.176451
-0.751198,-0.177162
-0.752426,-0.17786
-0.753646,-0.178546
-0.754859,-0.17922
-0.756063,-0.179881
-0.75726,-0.180529
-0.758448,-0.181166
-0.759629,-0.18179
-0.760801,-0.182402
-0.761966,-0.183002
-0.763122,-0.18359
-0.764271,-0.184166
-0.765412,-0.18473
-0.766545,-0.185282
-0.767669,-0.185823
-0.768786,-0.186352
-0.769895,-0.18687
-0.770996,-0.187376
-0.772089,-0.187871
-0.773174,-0.188355
-0.774252,-0.188828
-0.775321,-0.189289
-0.776382,-0.18974
-0.777436,-0.190179
-0.778481,-0.190608
-0.779519,-0.191025
-0.780548,-0.191433
-0.78157,-0.191829
-0.782583,-0.192215
-0.783589,-0.19259
-0.784587,-0.192955
-0.785577,-0.19331
-0.786559,-0.193654
-0.787532,-0.193989
-0.788498,-0.194313
-0.789456,-0.194627
-0.790406,-0.194931
-0.791348,-0.195226
-0.792282,-0.19551
-0.793208,-0.195785
-0.794126,-0.19605
-0.795036,-0.196306
-0.795937,-0.196552
-0.796831,-0.196789
-0.797717,-0.197017
-0.798594,-0.197235
-0.799464,-0.197444
-0.800325,-0.197644
-0.801179,-0.197835
-0.802024,-0.198017
-0.802861,-0.198191
-0.80369,-0.198355
-0.804511,-0.198511
-0.805323,-0.198658
-0.806128,-0.198797
-0.806924,-0.198927
-0.807712,-0.199048
-0.808492,-0.199162
-0.809264,-0.199267
-0.810027,-0.199364
-0.810783,-0.199453
-0.81153,-0.199534
-0.812268,-0.199607
-0.812999,-0.199672
-0.813721,-0.199729
-0.814435,-0.199779
-0.81514,-0.199821
-0.815837,-0.199855
-0.816526,-0.199882
-0.817207,-0.199902
-0.817879,-0.199914
-0.818543,-0.199919
-0.819198,-0.199917
-0.819845,-0.199908
-0.820483,-0.199891
-0.821113,-0.199868
-0.821735,-0.199838
-0.822348,-0.199801
-0.822952,-0.199757
-0.823548,-0.199707
-0.824136,-0.19965
-0.824715,-0.199587
-0.825285,-0.199517
-0.825847,-0.199441
-0.8264,-0.199359
-0.826944,-0.19927
-0.82748,-0.199176
-0.828008,-0.199075
-0.828526,-0.198968
-0.829036,-0.198856
-0.829538,-0.198737
-0.83003,-0.198613
-0.830514,-0.198484
-0.830989,-0.198348
-0.831456,-0.198208
-0.831913,-0.198061
-0.832362,-0.19791
-0.832802,-0.197753
-0.833233,-0.197591
-0.833656,-0.197423
-0.834069,-0.197251
-0.834474,-0.197074
-0.834869,-0.196892
-0.835256,-0.196705
-0.835634,-0.196513
-0.836003,-0.196317
-0.836363,-0.196116
-0.836714,-0.19591
-0.837056,-0.1957
-0.837389,-0.195486
-0.837713,-0.195267
-0.838028,-0.195044
-0.838334,-0.194817
-0.838631,-0.194586
-0.838918,-0.194351
-0.839197,-0.194112
-0.839466,-0.19387
-0.839727,-0.193623
-0.839978,-0.193373
-0.84022,-0.193119
-0.840452,-0.192861
-0.840676,-0.1926
-0.84089,-0.192336
-0.841095,-0.192068
-0.841291,-0.191798
-0.841477,-0.191524
-0.841655,-0.191246
-0.841822,-0.190966
-0.841981,-0.190683
-0.84213,-0.190397
-0.84227,-0.190109
-0.8424,-0.189817
-0.842521,-0.189523
-0.842633,-0.189226
-0.842735,-0.188927
-0.842828,-0.188626
-0.842911,-0.188322
-0.842985,-0.188016
-0.843049,-0.187708
-0.843103,-0.187397
-0.843149,-0.187085
-0.843184,-0.18677
-0.84321,-0.186454
-0.843226,-0.186136
-0.843233,-0.185816
-0.84323,-0.185495
-0.843218,-0.185172
-0.843195,-0.184847
-0.843164,-0.184521
-0.843122,-0.184194
-0.843071,-0.183865
-0.84301,-0.183536
-0.842939,-0.183205
-0.842858,-0.182873
-0.842768,-0.18254
-0.842668,-0.182206
-0.842558,-0.181871
-0.842438,-0.181536
-0.842308,-0.1812
-0.842168,-0.180863
-0.842019,-0.180526
-0.84186,-0.180188
-0.84169,-0.17985
-0.841511,-0.179512
-0.841322,-0.179174
-0.841122,-0.178835
-0.840913,-0.178496
-0.840694,-0.178157
-0.840465,-0.177819
-0.840225,-0.17748
-0.839976,-0.177142
-0.839717,-0.176804
-0.839447,-0.176467
-0.839167,-0.176129
-0.838877,-0.175793
-0.838577,-0.175457
-0.838267,-0.175122
-0.837947,-0.174787
-0.837616,-0.174454
-0.837275,-0.174121
-0.836924,-0.173789
-0.836563,-0.173459
-0.836191,-0.173129
-0.835809,-0.172801
-0.835417,-0.172474
-0.835015,-0.172148
-0.834602,-0.171824
-0.834178,-0.171501
-0.833745,-0.17118
-0.8333,-0.170861
-0.832846,-0.170543
-0.832381,-0.170227
-0.831905,-0.169913
-0.83142,-0.169601
-0.830923,-0.169291
-0.830416,-0.168983
-0.829899,-0.168678
-0.82937,-0.168374
-0.828832,-0.168073
-0.828282,-0.167775
-0.827723,-0.167479
-0.827152,-0.167185
-0.826571,-0.166895
-0.825979,-0.166606
-0.825376,-0.166321
-0.824763,-0.166039
-0.824139,-0.165759
-0.823504,-0.165483
-0.822859,-0.165209
-0.822202,-0.164939
-0.821535,-0.164672
-0.820857,-0.164409
-0.820168,-0.164148
-0.819468,-0.163892
-0.818758,-0.163638
-0.818036,-0.163389
-0.817303,-0.163143
-0.81656,-0.162901
-0.815805,-0.162663
-0.81504,-0.162428
-0.814263,-0.162198
-0.813475,-0.161972
-0.812677,-0.16175
-0.811867,-0.161532
-0.811046,-0.161318
-0.810214,-0.161109
-0.80937,-0.160904
-0.808516,-0.160704
-0.80765,-0.160509
-0.806773,-0.160318
-0.805885,-0.160131
-0.804985,-0.15995
-0.804074,-0.159773
-0.803152,-0.159602
-0.802218,-0.159435
-0.801273,-0.159274
-0.800317,-0.159118
-0.799349,-0.158967
-0.79837,-0.158821
-0.797379,-0.158681
-0.796376,-0.158546
-0.795362,-0.158417
-0.794337,-0.158294
-0.793299,-0.158176
-0.792251,-0.158064
-0.79119,-0.157958
-0.790118,-0.157857
-0.789034,-0.157763
-0.787938,-0.157675
-0.78683,-0.157593
-0.785711,-0.157517
-0.78458,-0.157447
-0.783437,-0.157384
-0.782281,-0.157327
-0.781114,-0.157277
-0.779935,-0.157233
-0.778744,-0.157196
-0.777541,-0.157166
-0.776326,-0.157142
-0.775098,-0.157125
-0.773859,-0.157116
-0.772607,-0.157113
-0.771343,-0.157117
-0.770067,-0.157128
-0.768778,-0.157147
-0.767477,-0.157173
-0.766164,-0.157206
-0.764838,-0.157247
-0.7635,-0.157295
-0.762149,-0.15735
-0.760785,-0.157414
-0.759409,-0.157485
-0.758021,-0.157564
-0.756619,-0.15765
-0.755205,-0.157745
-0.753778,-0.157847
-0.752339,-0.157958
-0.750886,-0.158076
-0.749421,-0.158203
-0.747942,-0.158338
-0.746451,-0.158482
-0.744946,-0.158633
-0.743428,-0.158793
-0.741898,-0.158962
-0.740353,-0.159139
-0.738796,-0.159325
-0.737225,-0.15952
-0.735641,-0.159723
-0.734044,-0.159935
-0.732433,-0.160156
-0.730808,-0.160386
-0.72917,-0.160625
-0.727518,-0.160873
-0.725852,-0.161131
-0.724173,-0.161397
-0.72248,-0.161673
-0.720772,-0.161958
-0.719051,-0.162252
-0.717316,-0.162556
-0.715567,-0.162869
-0.713803,-0.163192
-0.712025,-0.163525
-0.710233,-0.163867
-0.708426,-0.164219
-0.706605,-0.164581
-0.704769,-0.164952
-0.702919,-0.165334
-0.701054,-0.165725
-0.699174,-0.166127
-0.69728,-0.166538
-0.69537,-0.16696
-0.693445,-0.167392
-0.691505,-0.167834
-0.68955,-0.168286
-0.68758,-0.168749
-0.685594,-0.169222
-0.683593,-0.169705
-0.681576,-0.170199
-0.679544,-0.170704
-0.677496,-0.171219
-0.675432,-0.171744
-0.673352,-0.17228
-0.671256,-0.172827
-0.669143,-0.173385
-0.667015,-0.173953
-0.66487,-0.174532
-0.662708,-0.175122
-0.66053,-0.175723
-0.658336,-0.176335
-0.656124,-0.176958
-0.653896,-0.177591
-0.65165,-0.178236
-0.649387,-0.178892
-0.647107,-0.179559
-0.64481,-0.180237
-0.642495,-0.180926
-0.640162,-0.181626
-0.637812,-0.182337
-0.635443,-0.18306
-0.633057,-0.183793
-0.630652,-0.184538
-0.628228,-0.185295
-0.625787,-0.186062
-0.623326,-0.186841
-0.620847,-0.187631
-0.618349,-0.188432
-0.615831,-0.189245
-0.613294,-0.190069
-0.610738,-0.190904
-0.608163,-0.19175
-0.605567,-0.192608
-0.602951,-0.193477
-0.600316,-0.194357
-0.59766,-0.195249
-0.594983,-0.196151
-0.592286,-0.197065
-0.589568,-0.197991
-0.586829,-0.198927
-0.584068,-0.199874
-0.581286,-0.200833
-0.578483,-0.201803
-0.575657,-0.202784
-0.57281,-0.203775
-0.56994,-0.204778
-0.567048,-0.205792
-0.564133,-0.206816
-0.561195,-0.207851
-0.558234,-0.208897
-0.555249,-0.209954
-0.552241,-0.211021
-0.549209,-0.212099
-0.546153,-0.213188
-0.543073,-0.214286
-0.539967,-0.215395
-0.536837,-0.216514
-0.533682,-0.217643
-0.530502,-0.218783
-0.527295,-0.219931
-0.524063,-0.22109
-0.520804,-0.222259
-0.517519,-0.223436
-0.514208,-0.224623
-0.510869,-0.22582
-0.507502,-0.227025
-0.504108,-0.228239
-0.500686,-0.229462
-0.497236,-0.230694
-0.493757,-0.231933
-0.490249,-0.233181
-0.486711,-0.234437
-0.483144,-0.235701
-0.479547,-0.236972
-0.47592,-0.23825
-0.472262,-0.239536
-0.468573,-0.240828
-0.464853,-0.242126
-0.461101,-0.243431
-0.457316,-0.244742
-0.4535,-0.246058
-0.44965,-0.24738
-0.445767,-0.248707
-0.441851,-0.250038
-0.4379,-0.251374
-0.433915,-0.252713
-0.429895,-0.254056
-0.42584,-0.255402
-0.42175,-0.256751
-0.417623,-0.258103
-0.413459,-0.259456
-0.409259,-0.26081
-0.405022,-0.262165
-0.400747,-0.263521
-0.396433,-0.264877
-0.392081,-0.266231
-0.38769,-0.267585
-0.383259,-0.268937
-0.378789,-0.270286
-0.374277,-0.271632
-0.369726,-0.272974
-0.365132,-0.274312
-0.360498,-0.275645
-0.355821,-0.276972
-0.351101,-0.278292
-0.346338,-0.279605
-0.341532,-0.28091
-0.336682,-0.282205
-0.331787,-0.283491
-0.326848,-0.284765
-0.321864,-0.286028
-0.316834,-0.287278
-0.311758,-0.288514
-0.306635,-0.289736
-0.301466,-0.290941
-0.29625,-0.29213
-0.290986,-0.2933
-0.285674,-0.294451
-0.280314,-0.295582
-0.274906,-0.29669
-0.269449,-0.297776
-0.263942,-0.298837
-0.258387,-0.299872
-0.252782,-0.30088
-0.247127,-0.301859
-0.241422,-0.302808
-0.235668,-0.303725
-0.229863,-0.304609
-0.224008,-0.305458
-0.218103,-0.30627
-0.212148,-0.307044
-0.206143,-0.307778
-0.200088,-0.30847
-0.193983,-0.309118
-0.187828,-0.30972
-0.181624,-0.310275
-0.175372,-0.310781
-0.169071,-0.311235
-0.162722,-0.311635
-0.156325,-0.31198
-0.149882,-0.312267
-0.143393,-0.312495
-0.136858,-0.312661
-0.130279,-0.312763
-0.123657,-0.312798
-0.116992,-0.312766
-0.110286,-0.312663
-0.10354,-0.312487
-0.0967559,-0.312237
-0.0899345,-0.31191
-0.0830776,-0.311503
-0.076187,-0.311016
-0.0692644,-0.310445
-0.0623118,-0.309789
-0.0553311,-0.309046
-0.0483246,-0.308213
-0.0412945,-0.30729
-0.0342431,-0.306273
-0.027173,-0.305162
-0.0200867,-0.303955
-0.0129869,-0.30265
-0.00587641,-0.301245
0.00124189,-0.29974
0.00836503,-0.298134
0.0154899,-0.296424
0.0226135,-0.294611
0.0297325,-0.292693
0.0368436,-0.29067
0.0439436,-0.288542
0.051029,-0.286307
0.0580965,-0.283967
0.0651428,-0.28152
0.0721642,-0.278968
0.0791575,-0.276311
0.0861191,-0.273548
0.0930459,-0.270682
0.0999342,-0.267712
0.106781,-0.264641
0.113583,-0.261469
0.120337,-0.258197
0.12704,-0.254828
0.133688,-0.251364
0.14028,-0.247805
0.146812,-0.244155
0.153282,-0.240415
0.159687,-0.236588
0.166024,-0.232677
0.172292,-0.228683
0.178488,-0.22461
0.184611,-0.22046
0.190659,-0.216237
0.196629,-0.211942
0.202521,-0.20758
0.208334,-0.203153
0.214065,-0.198664
0.219714,-0.194116
0.225281,-0.189512
0.230764,-0.184855
0.236164,-0.180149
0.241478,-0.175396
0.246709,-0.1706
0.251854,-0.165763
0.256914,-0.160888
0.26189,-0.155978
0.266781,-0.151037
0.271587,-0.146066
0.27631,-0.141069
0.28095,-0.136048
0.285507,-0.131006
0.289982,-0.125945
0.294376,-0.120868
0.298689,-0.115778
0.302923,-0.110675
0.307079,-0.105564
0.311157,-0.100445
0.315159,-0.0953212
0.319086,-0.0901943
0.322938,-0.0850662
0.326718,-0.0799387
0.330426,-0.0748137
0.334063,-0.0696927
0.337631,-0.0645774
0.341132,-0.0594692
0.344566,-0.0543698
0.347934,-0.0492804
0.351238,-0.0442024
0.35448,-0.039137
0.35766,-0.0340855
0.36078,-0.0290489
0.363841,-0.0240284
0.366845,-0.0190249
0.369793,-0.0140394
0.372685,-0.00907281
0.375524,-0.00412599
0.37831,0.000800273
0.381046,0.00570522
0.383731,0.0105882
0.386367,0.0154484
0.388956,0.0202853
0.391498,0.0250984
0.393995,0.029887
0.396448,0.0346507
0.398858,0.039389
0.401226,0.0441015
0.403553,0.0487877
0.405841,0.0534473
0.408089,0.05808
0.4103,0.0626854
0.412474,0.0672632
0.414613,0.0718132
0.416716,0.0763352
0.418786,0.0808289
0.420822,0.0852941
0.422827,0.0897306
0.4248,0.0941383
0.426743,0.0985171
0.428656,0.102867
0.430541,0.107187
0.432397,0.111479
0.434227,0.115741
0.43603,0.119973
0.437807,0.124176
0.439559,0.12835
0.441288,0.132494
0.442992,0.136609
0.444674,0.140694
0.446333,0.14475
0.447971,0.148776
0.449587,0.152773
0.451183,0.15674
0.45276,0.160678
0.454317,0.164586
0.455855,0.168466
0.457375,0.172316
0.458877,0.176137
0.460362,0.179928
0.461831,0.183691
0.463283,0.187425
0.46472,0.19113
0.466141,0.194807
0.467548,0.198455
0.46894,0.202074
0.470318,0.205665
0.471682,0.209227
0.473034,0.212762
0.474372,0.216268
0.475699,0.219746
0.477013,0.223196
0.478315,0.226619
0.479606,0.230014
0.480886,0.233382
0.482155,0.236722
0.483414,0.240035
0.484663,0.24332
0.485902,0.246579
0.487132,0.249811
0.488352,0.253016
0.489563,0.256194
0.490766,0.259346
0.49196,0.262472
0.493146,0.265572
0.494325,0.268645
0.495495,0.271692
0.496658,0.274714
0.497814,0.27771
0.498962,0.28068
0.500104,0.283625
0.501239,0.286545
0.502368,0.28944
0.50349,0.292309
0.504606,0.295154
0.505716,0.297974
0.506821,0.300769
0.50792,0.30354
0.509013,0.306286
0.510102,0.309008
0.511185,0.311707
0.512263,0.314381
0.513336,0.317031
0.514405,0.319658
0.515469,0.322261
0.516528,0.32484
0.517584,0.327397
0.518635,0.32993
0.519682,0.33244
0.520724,0.334927
0.521763,0.337391
0.522799,0.339833
0.52383,0.342252
0.524858,0.344648
0.525882,0.347023
0.526903,0.349375
0.527921,0.351705
0.528935,0.354013
0.529946,0.356299
0.530954,0.358564
0.531959,0.360806
0.532961,0.363028
0.53396,0.365228
0.534956,0.367407
0.535949,0.369564
0.536939,0.371701
0.537927,0.373817
0.538912,0.375912
0.539895,0.377986
0.540875,0.38004
0.541852,0.382073
0.542827,0.384086
0.5438,0.386078
0.54477,0.388051
0.545738,0.390003
0.546703,0.391936
0.547666,0.393848
0.548627,0.395741
0.549586,0.397615
0.550542,0.399469
0.551496,0.401303
0.552448,0.403119
0.553398,0.404915
0.554346,0.406692
0.555291,0.40845
0.556235,0.410189
0.557176,0.411909
0.558115,0.413611
0.559052,0.415294
0.559987,0.416958
0.56092,0.418604
0.56185,0.420232
0.562779,0.421842
0.563705,0.423433
0.56463,0.425007
0.565552,0.426563
0.566472,0.4281
0.567391,0.42962
0.568307,0.431123
0.569221,0.432608
0.570132,0.434075
0.571042,0.435525
0.57195,0.436958
0.572855,0.438374
0.573758,0.439772
0.574659,0.441154
0.575558,0.442518
0.576455,0.443866
0.577349,0.445197
0.578242,0.446511
0.579132,0.447809
0.580019,0.449091
0.580905,0.450356
0.581788,0.451604
0.582668,0.452837
0.583547,0.454053
0.584423,0.455253
0.585296,0.456437
0.586167,0.457605
0.587036,0.458758
0.587902,0.459895
0.588765,0.461016
0.589627,0.462121
0.590485,0.463212
0.591341,0.464286
0.592194,0.465346
0.593045,0.46639
0.593893,0.467419
0.594738,0.468432
0.59558,0.469431
0.59642,0.470415
0.597256,0.471384
0.59809,0.472339
0.598921,0.473278
0.599749,0.474203
0.600574,0.475114
0.601397,0.47601
0.602216,0.476891
0.603032,0.477759
0.603844,0.478612
0.604654,0.479451
0.605461,0.480275
0.606264,0.481086
0.607064,0.481883
0.607861,0.482666
0.608654,0.483435
0.609444,0.484191
0.61023,0.484933
0.611013,0.485661
0.611793,0.486376
0.612569,0.487077
0.613341,0.487765
0.61411,0.48844
0.614875,0.489102
0.615636,0.48975
0.616394,0.490386
0.617147,0.491008
0.617897,0.491618
0.618643,0.492214
0.619385,0.492798
0.620123,0.493369
0.620857,0.493928
0.621587,0.494474
0.622313,0.495008
0.623034,0.495529
0.623752,0.496038
0.624465,0.496534
0.625173,0.497018
0.625878,0.497491
0.626578,0.497951
0.627273,0.498399
0.627964,0.498835
0.62865,0.49926
0.629332,0.499672
0.630009,0.500073
0.630682,0.500462
0.63135,0.50084
0.632012,0.501206
0.632671,0.501561
0.633324,0.501904
0.633972,0.502236
0.634615,0.502557
0.635253,0.502867
0.635886,0.503165
0.636514,0.503453
0.637137,0.503729
0.637754,0.503995
0.638367,0.50425
0.638973,0.504494
0.639575,0.504727
0.640171,0.50495
0.640761,0.505162
0.641346,0.505364
0.641925,0.505555
0.642499,0.505736
0.643067,0.505907
0.643629,0.506067
0.644186,0.506218
0.644736,0.506358
0.645281,0.506488
0.64582,0.506609
0.646352,0.506719
0.646879,0.50682
0.647399,0.50691
0.647914,0.506992
0.648422,0.507063
0.648924,0.507125
0.649419,0.507178
0.649908,0.507221
0.650391,0.507255
0.650867,0.507279
0.651337,0.507295
0.6518,0.507301
0.652257,0.507298
0.652706,0.507286
0.653149,0.507265
0.653586,0.507236
0.654015,0.507197
0.654437,0.50715
0.654853,0.507094
0.655262,0.507029
0.655663,0.506956
0.656057,0.506875
0.656445,0.506785
0.656825,0.506687
0.657197,0.50658
0.657563,0.506465
0.657921,0.506342
0.658271,0.506211
0.658614,0.506072
0.65895,0.505926
0.659278,0.505771
0.659598,0.505608
0.659911,0.505438
0.660216,0.50526
0.660513,0.505074
0.660802,0.504881
0.661083,0.50468
0.661357,0.504472
0.661622,0.504257
0.661879,0.504034
0.662128,0.503805
0.662369,0.503568
0.662602,0.503324
0.662826,0.503073
0.663042,0.502815
0.66325,0.50255
0.663449,0.502278
0.66364,0.502
0.663822,0.501715
0.663996,0.501423
0.664161,0.501125
0.664317,0.50082
0.664465,0.500509
0.664603,0.500192
0.664733,0.499868
0.664854,0.499538
0.664966,0.499202
0.665069,0.49886
0.665163,0.498512
0.665247,0.498158
0.665323,0.497798
0.665389,0.497432
0.665446,0.497061
0.665493,0.496684
0.665531,0.496301
0.66556,0.495913
0.665579,0.495519
0.665589,0.49512
0.665588,0.494716
0.665579,0.494306
0.665559,0.493892
0.66553,0.493472
0.665491,0.493047
0.665442,0.492617
0.665383,0.492182
0.665314,0.491742
0.665235,0.491297
0.665145,0.490848
0.665046,0.490394
0.664936,0.489935
0.664817,0.489472
0.664686,0.489005
0.664546,0.488533
0.664395,0.488057
0.664233,0.487576
0.664061,0.487091
0.663878,0.486603
0.663685,0.48611
0.663481,0.485613
0.663266,0.485112
0.66304,0.484607
0.662804,0.484099
0.662556,0.483587
0.662298,0.483071
0.662028,0.482552
0.661747,0.482029
0.661455,0.481503
0.661152,0.480973
0.660838,0.48044
0.660512,0.479904
0.660175,0.479365
0.659826,0.478822
0.659466,0.478276
0.659095,0.477728
0.658712,0.477176
0.658317,0.476622
0.65791,0.476065
0.657491,0.475505
0.657061,0.474943
0.656619,0.474378
0.656165,0.47381
0.655699,0.47324
0.65522,0.472668
0.65473,0.472093
0.654227,0.471517
0.653713,0.470938
0.653185,0.470356
0.652646,0.469773
0.652094,0.469188
0.651529,0.468601
0.650952,0.468012
0.650363,0.467421
0.64976,0.466829
0.649145,0.466235
0.648518,0.465639
0.647877,0.465042
0.647223,0.464443
0.646557,0.463843
0.645877,0.463242
0.645185,0.462639
0.644479,0.462035
0.64376,0.46143
0.643028,0.460824
0.642282,0.460217
0.641523,0.45961
0.64075,0.459001
0.639964,0.458391
0.639165,0.457781
0.638351,0.45717
0.637524,0.456558
0.636683,0.455946
0.635829,0.455333
0.63496,0.45472
0.634077,0.454107
0.633181,0.453493
0.63227,0.452879
0.631345,0.452265
0.630406,0.451651
0.629452,0.451036
0.628484,0.450422
0.627502,0.449808
0.626505,0.449194
0.625493,0.44858
0.624467,0.447966
0.623426,0.447353
0.622371,0.44674
0.6213,0.446127
0.620214,0.445515
0.619114,0.444904
0.617998,0.444293
0.616867,0.443683
0.615721,0.443073
0.61456,0.442465
0.613383,0.441857
0.612191,0.44125
0.610983,0.440644
0.60976,0.440039
0.608521,0.439435
0.607266,0.438833
0.605995,0.438231
0.604708,0.437631
0.603406,0.437032
0.602087,0.436434
0.600752,0.435838
0.599401,0.435243
0.598033,0.43465
0.596649,0.434058
0.595249,0.433468
0.593831,0.432879
0.592398,0.432292
0.590947,0.431707
0.58948,0.431124
0.587996,0.430542
0.586494,0.429963
0.584976,0.429385
0.58344,0.42881
0.581887,0.428236
0.580317,0.427665
0.578729,0.427095
0.577124,0.426528
0.575501,0.425963
0.57386,0.425401
0.572201,0.42484
0.570524,0.424282
0.56883,0.423726
0.567117,0.423173
0.565386,0.422622
0.563636,0.422074
0.561868,0.421528
0.560081,0.420984
0.558276,0.420444
0.556452,0.419905
0.554609,0.41937
0.552747,0.418837
0.550866,0.418307
0.548966,0.417779
0.547046,0.417255
0.545107,0.416733
0.543148,0.416214
0.54117,0.415698
0.539171,0.415184
0.537153,0.414674
0.535115,0.414166
0.533057,0.413661
0.530978,0.413159
0.528879,0.41266
0.526759,0.412164
0.524619,0.411671
0.522458,0.411181
0.520275,0.410694
0.518072,0.410209
0.515848,0.409728
0.513602,0.40925
0.511334,0.408774
0.509045,0.408302
0.506735,0.407832
0.504402,0.407366
0.502047,0.406902
0.49967,0.406442
0.497271,0.405984
0.494849,0.405529
0.492404,0.405077
0.489937,0.404627
0.487446,0.404181
0.484933,0.403737
0.482396,0.403296
0.479835,0.402858
0.477251,0.402422
0.474643,0.401989
0.472011,0.401559
0.469355,0.401131
0.466674,0.400706
0.463969,0.400283
0.461239,0.399862
0.458485,0.399444
0.455705,0.399027
0.4529,0.398613
0.450069,0.398202
0.447213,0.397792
0.44433,0.397384
0.441422,0.396978
0.438487,0.396573
0.435526,0.39617
0.432539,0.395769
0.429524,0.395369
0.426482,0.394971
0.423413,0.394573
0.420316,0.394177
0.417192,0.393781
0.414039,0.393387
0.410858,0.392993
0.407649,0.392599
0.404411,0.392206
0.401144,0.391813
0.397847,0.391419
0.394522,0.391026
0.391166,0.390632
0.387781,0.390238
0.384365,0.389843
0.380919,0.389447
0.377442,0.389049
0.373934,0.388651
0.370395,0.38825
0.366825,0.387848
0.363222,0.387443
0.359588,0.387036
0.355921,0.386626
0.352221,0.386212
0.348488,0.385796
0.344722,0.385376
0.340923,0.384952
0.33709,0.384523
0.333222,0.38409
0.32932,0.383651
0.325384,0.383207
0.321412,0.382757
0.317405,0.382301
0.313362,0.381838
0.309283,0.381368
0.305168,0.38089
0.301017,0.380405
0.296828,0.37991
0.292602,0.379406
0.288338,0.378893
0.284036,0.378369
0.279696,0.377835
0.275318,0.377289
0.2709,0.376731
0.266444,0.37616
0.261947,0.375576
0.257411,0.374977
0.252835,0.374364
0.248218,0.373735
0.24356,0.37309
0.238861,0.372428
0.23412,0.371748
0.229337,0.371049
0.224513,0.37033
0.219646,0.36959
0.214736,0.368829
0.209783,0.368045
0.204787,0.367238
0.199748,0.366405
0.194665,0.365547
0.189537,0.364662
0.184366,0.363748
0.17915,0.362805
0.173889,0.361831
0.168583,0.360826
0.163233,0.359786
0.157837,0.358712
0.152397,0.357602
0.146911,0.356453
0.141379,0.355266
0.135803,0.354037
0.130181,0.352765
0.124514,0.351449
0.118801,0.350087
0.113044,0.348677
0.107242,0.347217
0.101395,0.345705
0.0955041,0.344139
0.0895693,0.342517
0.083591,0.340837
0.0775698,0.339097
0.0715062,0.337294
0.0654009,0.335427
0.0592546,0.333492
0.0530682,0.331487
0.0468427,0.329411
0.0405789,0.32726
0.0342782,0.325031
0.0279418,0.322723
0.021571,0.320332
0.0151674,0.317857
0.00873273,0.315293
0.00226872,0.312638
-0.00422264,0.30989
-0.0107392,0.307046
-0.0172787,0.304102
-0.0238386,0.301057
-0.0304163,0.297907
-0.0370089,0.29465
-0.0436134,0.291282
-0.0502266,0.287802
-0.056845,0.284206
-0.0634649,0.280492
-0.0700825,0.276657
-0.0766937,0.2727
-0.0832943,0.268618
-0.0898798,0.26441
-0.0964455,0.260072
-0.102986,0.255604
-0.109498,0.251005
-0.115974,0.246272
-0.12241,0.241406
-0.1288,0.236405
-0.135138,0.231269
-0.141419,0.225999
-0.147637,0.220595
-0.153785,0.215057
-0.159859,0.209386
-0.165851,0.203584
-0.171757,0.197654
-0.17757,0.191596
-0.183285,0.185414
-0.188896,0.179111
-0.194398,0.17269
-0.199785,0.166156
-0.205053,0.159512
-0.210197,0.152762
-0.215212,0.145912
-0.220095,0.138967
-0.224843,0.131933
-0.229451,0.124814
-0.233918,0.117617
-0.23824,0.110347
-0.242416,0.103011
-0.246443,0.0956151
-0.250322,0.0881653
-0.254051,0.0806679
-0.25763,0.0731291
-0.261058,0.0655552
-0.264337,0.0579522
-0.267467,0.0503262
-0.27045,0.0426828
-0.273287,0.0350279
-0.275979,0.0273669
-0.278529,0.0197051
-0.280939,0.0120476
-0.283212,0.00439914
-0.285351,-0.00323554
-0.287358,-0.0108521
-0.289236,-0.0184465
-0.290989,-0.0260147
-0.29262,-0.0335533
-0.294133,-0.0410587
-0.295531,-0.0485279
-0.296817,-0.055958
-0.297995,-0.0633463
-0.299069,-0.0706903
-0.300043,-0.0779878
-0.300919,-0.0852368
-0.301701,-0.0924355
-0.302393,-0.0995822
-0.302999,-0.106676
-0.303521,-0.113714
-0.303964,-0.120697
-0.30433,-0.127623
-0.304622,-0.134491
-0.304844,-0.1413
-0.304999,-0.148051
-0.30509,-0.154742
-0.305119,-0.161374
-0.30509,-0.167945
-0.305006,-0.174456
-0.304868,-0.180907
-0.304679,-0.187297
-0.304443,-0.193627
-0.304161,-0.199896
-0.303835,-0.206105
-0.303469,-0.212255
-0.303063,-0.218345
-0.302621,-0.224376
-0.302144,-0.230347
-0.301635,-0.23626
-0.301094,-0.242115
-0.300524,-0.247913
-0.299926,-0.253653
-0.299303,-0.259336
-0.298656,-0.264963
-0.297986,-0.270535
-0.297294,-0.276051
-0.296583,-0.281513
-0.295854,-0.286921
-0.295107,-0.292276
-0.294345,-0.297577
-0.293568,-0.302827
-0.292777,-0.308024
-0.291974,-0.313171
-0.29116,-0.318267
-0.290336,-0.323313
-0.289502,-0.32831
-0.28866,-0.333258
-0.28781,-0.338159
-0.286954,-0.343011
-0.286092,-0.347817
-0.285225,-0.352576
-0.284354,-0.35729
-0.283479,-0.361958
-0.282602,-0.366582
-0.281722,-0.371162
-0.280841,-0.375698
-0.279959,-0.380191
-0.279077,-0.384642
-0.278195,-0.389051
-0.277313,-0.393418
-0.276433,-0.397745
-0.275555,-0.402031
-0.274679,-0.406277
-0.273806,-0.410484
-0.272936,-0.414652
-0.272069,-0.418782
-0.271207,-0.422873
-0.270348,-0.426928
-0.269495,-0.430945
-0.268646,-0.434926
-0.267803,-0.438871
-0.266965,-0.44278
-0.266134,-0.446653
-0.265308,-0.450492
-0.26449,-0.454297
-0.263677,-0.458067
-0.262872,-0.461804
-0.262074,-0.465508
-0.261284,-0.469179
-0.260501,-0.472817
-0.259726,-0.476423
-0.258959,-0.479998
-0.258201,-0.483541
-0.25745,-0.487053
-0.256709,-0.490535
-0.255976,-0.493986
-0.255252,-0.497407
-0.254536,-0.500799
-0.25383,-0.504161
-0.253134,-0.507494
-0.252446,-0.510799
-0.251768,-0.514074
-0.2511,-0.517322
-0.250441,-0.520542
-0.249792,-0.523735
-0.249153,-0.5269
-0.248524,-0.530038
-0.247905,-0.533149
-0.247295,-0.536234
-0.246696,-0.539292
-0.246107,-0.542325
-0.245528,-0.545332
-0.24496,-0.548313
-0.244402,-0.551269
-0.243854,-0.5542
-0.243316,-0.557107
-0.242789,-0.559989
-0.242272,-0.562846
-0.241766,-0.565679
-0.24127,-0.568489
-0.240785,-0.571274
-0.24031,-0.574037
-0.239846,-0.576776
-0.239392,-0.579491
-0.238948,-0.582184
-0.238515,-0.584855
-0.238093,-0.587502
-0.237681,-0.590128
-0.237279,-0.592731
-0.236888,-0.595312
-0.236508,-0.597871
-0.236137,-0.600409
-0.235778,-0.602925
-0.235428,-0.60542
-0.235089,-0.607894
-0.23476,-0.610347
-0.234442,-0.612779
-0.234134,-0.61519
-0.233836,-0.617581
-0.233548,-0.619951
-0.233271,-0.622301
-0.233003,-0.624631
-0.232746,-0.626941
-0.232499,-0.629231
-0.232262,-0.631501
-0.232035,-0.633752
-0.231817,-0.635983
-0.23161,-0.638195
-0.231412,-0.640388
-0.231225,-0.642562
-0.231047,-0.644717
-0.230878,-0.646853
-0.23072,-0.64897
-0.230571,-0.651069
-0.230431,-0.653149
-0.230301,-0.65521
-0.230181,-0.657254
-0.230069,-0.659279
-0.229967,-0.661286
-0.229875,-0.663276
-0.229791,-0.665247
-0.229717,-0.6672
-0.229651,-0.669136
-0.229595,-0.671055
-0.229548,-0.672955
-0.229509,-0.674839
-0.229479,-0.676705
-0.229458,-0.678554
-0.229446,-0.680385
-0.229442,-0.6822
-0.229447,-0.683998
-0.229461,-0.685779
-0.229482,-0.687543
-0.229513,-0.68929
-0.229551,-0.691021
-0.229598,-0.692735
-0.229652,-0.694432
-0.229715,-0.696114
-0.229786,-0.697779
-0.229864,-0.699427
-0.229951,-0.70106
-0.230045,-0.702676
-0.230147,-0.704276
-0.230256,-0.705861
-0.230374,-0.707429
-0.230498,-0.708982
-0.23063,-0.710518
-0.230769,-0.71204
-0.230916,-0.713545
-0.231069,-0.715035
-0.23123,-0.716509
-0.231398,-0.717968
-0.231572,-0.719411
-0.231754,-0.72084
-0.231942,-0.722252
-0.232137,-0.72365
-0.232339,-0.725032
-0.232547,-0.7264
-0.232761,-0.727752
-0.232982,-0.729089
-0.233209,-0.730411
-0.233443,-0.731719
-0.233682,-0.733011
-0.233928,-0.734289
-0.23418,-0.735552
-0.234437,-0.7368
-0.2347,-0.738034
-0.234969,-0.739253
-0.235244,-0.740458
-0.235524,-0.741648
-0.23581,-0.742823
-0.236101,-0.743985
-0.236397,-0.745131
-0.236699,-0.746264
-0.237005,-0.747382
-0.237317,-0.748486
-0.237634,-0.749576
-0.237956,-0.750652
-0.238282,-0.751714
-0.238613,-0.752761
-0.238949,-0.753795
-0.23929,-0.754814
-0.239635,-0.75582
-0.239984,-0.756812
-0.240337,-0.75779
-0.240695,-0.758754
-0.241057,-0.759705
-0.241423,-0.760641
-0.241793,-0.761565
-0.242167,-0.762474
-0.242545,-0.76337
-0.242926,-0.764252
-0.243311,-0.765121
-0.2437,-0.765976
-0.244092,-0.766818
-0.244487,-0.767646
-0.244886,-0.768461
-0.245288,-0.769263
-0.245693,-0.770051
-0.246101,-0.770826
-0.246512,-0.771588
-0.246925,-0.772337
-0.247342,-0.773073
-0.247761,-0.773795
-0.248183,-0.774504
-0.248607,-0.775201
-0.249034,-0.775884
-0.249463,-0.776554
-0.249895,-0.777211
-0.250328,-0.777856
-0.250764,-0.778487
-0.251202,-0.779106
-0.251641,-0.779712
-0.252082,-0.780304
-0.252525,-0.780885
-0.25297,-0.781452
-0.253417,-0.782007
-0.253864,-0.782549
-0.254313,-0.783079
-0.254764,-0.783596
-0.255216,-0.7841
-0.255668,-0.784592
-0.256122,-0.785071
-0.256577,-0.785538
-0.257033,-0.785992
-0.257489,-0.786434
-0.257946,-0.786864
-0.258404,-0.787281
-0.258862,-0.787686
-0.259321,-0.788079
-0.25978,-0.788459
-0.260239,-0.788828
-0.260698,-0.789184
-0.261158,-0.789527
-0.261617,-0.789859
-0.262077,-0.790179
-0.262536,-0.790486
-0.262995,-0.790782
-0.263454,-0.791065
-0.263912,-0.791336
-0.264369,-0.791596
-0.264826,-0.791843
-0.265283,-0.792079
-0.265738,-0.792303
-0.266193,-0.792515
-0.266647,-0.792715
-0.267099,-0.792903
-0.267551,-0.79308
-0.268001,-0.793245
-0.26845,-0.793398
-0.268897,-0.79354
-0.269343,-0.79367
-0.269788,-0.793788
-0.270231,-0.793894
-0.270672,-0.79399
-0.271111,-0.794073
-0.271548,-0.794145
-0.271983,-0.794206
-0.272416,-0.794255
-0.272847,-0.794293
-0.273276,-0.79432
-0.273702,-0.794335
-0.274126,-0.794339
-0.274547,-0.794331
-0.274966,-0.794312
-0.275382,-0.794282
-0.275795,-0.794241
-0.276205,-0.794189
-0.276613,-0.794125
-0.277017,-0.794051
-0.277418,-0.793965
-0.277816,-0.793868
-0.27821,-0.793761
-0.278601,-0.793642
-0.278989,-0.793512
-0.279372,-0.793371
-0.279753,-0.79322
-0.280129,-0.793057
-0.280502,-0.792884
-0.28087,-0.7927
-0.281235,-0.792505
-0.281596,-0.792299
-0.281952,-0.792082
-0.282304,-0.791855
-0.282651,-0.791617
-0.282995,-0.791368
-0.283333,-0.791109
-0.283667,-0.790839
-0.283996,-0.790559
-0.284321,-0.790268
-0.28464,-0.789966
-0.284955,-0.789654
-0.285264,-0.789332
-0.285568,-0.788999
-0.285867,-0.788656
-0.28616,-0.788302
-0.286449,-0.787938
-0.286731,-0.787564
-0.287008,-0.787179
-0.287279,-0.786784
-0.287545,-0.786379
-0.287804,-0.785964
-0.288058,-0.785538
-0.288306,-0.785103
-0.288547,-0.784657
-0.288782,-0.784201
-0.289011,-0.783735
-0.289233,-0.783259
-0.289449,-0.782773
-0.289659,-0.782277
-0.289861,-0.781771
-0.290057,-0.781255
-0.290246,-0.78073
-0.290428,-0.780194
-0.290603,-0.779648
-0.290771,-0.779093
-0.290932,-0.778528
-0.291085,-0.777953
-0.291231,-0.777368
-0.29137,-0.776774
-0.2915,-0.77617
-0.291624,-0.775556
-0.291739,-0.774933
-0.291847,-0.7743
-0.291947,-0.773658
-0.292038,-0.773006
-0.292122,-0.772344
-0.292197,-0.771673
-0.292265,-0.770992
-0.292323,-0.770302
-0.292374,-0.769603
-0.292415,-0.768894
-0.292449,-0.768176
-0.292473,-0.767449
-0.292489,-0.766712
-0.292495,-0.765966
-0.292493,-0.76521
-0.292481,-0.764446
-0.292461,-0.763672
-0.292431,-0.762889
-0.292391,-0.762096
-0.292343,-0.761295
-0.292284,-0.760485
-0.292216,-0.759665
-0.292139,-0.758836
-0.292051,-0.757999
-0.291954,-0.757152
-0.291846,-0.756296
-0.291729,-0.755432
-0.291601,-0.754558
-0.291463,-0.753675
-0.291315,-0.752784
-0.291156,-0.751883
-0.290986,-0.750974
-0.290806,-0.750056
-0.290615,-0.749129
-0.290414,-0.748193
-0.290201,-0.747249
-0.289978,-0.746295
-0.289743,-0.745333
-0.289497,-0.744363
-0.28924,-0.743383
-0.288971,-0.742395
-0.288691,-0.741398
-0.288399,-0.740393
-0.288096,-0.739379
-0.287781,-0.738356
-0.287454,-0.737324
-0.287115,-0.736285
-0.286764,-0.735236
-0.286401,-0.734179
-0.286025,-0.733113
-0.285638,-0.732039
-0.285237,-0.730957
-0.284825,-0.729866
-0.284399,-0.728766
-0.283961,-0.727658
-0.283511,-0.726542
-0.283047,-0.725417
-0.28257,-0.724283
-0.28208,-0.723142
-0.281577,-0.721991
-0.28106,-0.720833
-0.280531,-0.719666
-0.279987,-0.718491
-0.27943,-0.717307
-0.27886,-0.716115
-0.278275,-0.714914
-0.277677,-0.713706
-0.277065,-0.712488
-0.276438,-0.711263
-0.275798,-0.710029
-0.275143,-0.708787
-0.274474,-0.707537
-0.27379,-0.706278
-0.273091,-0.705011
-0.272378,-0.703735
-0.271651,-0.702451
-0.270908,-0.701159
-0.27015,-0.699859
-0.269377,-0.69855
-0.268589,-0.697233
-0.267786,-0.695907
-0.266967,-0.694573
-0.266133,-0.693231
-0.265283,-0.69188
-0.264417,-0.690521
-0.263536,-0.689154
-0.262638,-0.687778
-0.261725,-0.686394
-0.260796,-0.685001
-0.25985,-0.6836
-0.258888,-0.68219
-0.257909,-0.680772
-0.256914,-0.679346
-0.255902,-0.677911
-0.254873,-0.676467
-0.253828,-0.675015
-0.252765,-0.673554
-0.251686,-0.672085
-0.250589,-0.670606
-0.249475,-0.66912
-0.248343,-0.667624
-0.247194,-0.66612
-0.246027,-0.664607
-0.244842,-0.663085
-0.24364,-0.661554
-0.242419,-0.660015
-0.241181,-0.658466
-0.239924,-0.656909
-0.238649,-0.655342
-0.237355,-0.653767
-0.236043,-0.652182
-0.234712,-0.650588
-0.233363,-0.648985
-0.231994,-0.647373
-0.230607,-0.645751
-0.2292,-0.64412
-0.227774,-0.64248
-0.226329,-0.64083
-0.224864,-0.63917
-0.22338,-0.637501
-0.221876,-0.635822
-0.220352,-0.634133
-0.218808,-0.632434
-0.217244,-0.630726
-0.21566,-0.629007
-0.214056,-0.627278
-0.212431,-0.625539
-0.210786,-0.623789
-0.20912,-0.62203
-0.207433,-0.620259
-0.205725,-0.618478
-0.203996,-0.616687
-0.202246,-0.614884
-0.200475,-0.613071
-0.198682,-0.611246
-0.196868,-0.60941
-0.195032,-0.607563
-0.193174,-0.605705
-0.191295,-0.603835
-0.189393,-0.601953
-0.18747,-0.600059
-0.185524,-0.598154
-0.183555,-0.596236
-0.181564,-0.594306
-0.179551,-0.592364
-0.177514,-0.590408
-0.175455,-0.58844
-0.173373,-0.58646
-0.171268,-0.584465
-0.169139,-0.582458
-0.166987,-0.580437
-0.164812,-0.578402
-0.162613,-0.576354
-0.16039,-0.574291
-0.158143,-0.572214
-0.155872,-0.570122
-0.153577,-0.568015
-0.151258,-0.565894
-0.148915,-0.563757
-0.146547,-0.561604
-0.144154,-0.559436
-0.141737,-0.557252
-0.139295,-0.555051
-0.136828,-0.552833
-0.134336,-0.550599
-0.131819,-0.548347
-0.129277,-0.546078
-0.126709,-0.543791
-0.124116,-0.541486
-0.121497,-0.539162
-0.118852,-0.53682
-0.116182,-0.534458
-0.113486,-0.532076
-0.110764,-0.529675
-0.108016,-0.527253
-0.105241,-0.524811
-0.10244,-0.522347
-0.0996136,-0.519861
-0.0967602,-0.517354
-0.0938804,-0.514824
-0.0909741,-0.512271
-0.0880411,-0.509694
-0.0850816,-0.507094
-0.0820953,-0.504469
-0.0790822,-0.501819
-0.0760423,-0.499144
-0.0729757,-0.496443
-0.0698821,-0.493715
-0.0667617,-0.490959
-0.0636144,-0.488176
-0.0604402,-0.485365
-0.0572392,-0.482524
-0.0540113,-0.479654
-0.0507565,-0.476753
-0.0474749,-0.473821
-0.0441666,-0.470857
-0.0408316,-0.467861
-0.03747,-0.464832
-0.0340819,-0.461768
-0.0306674,-0.458669
-0.0272265,-0.455535
-0.0237595,-0.452364
-0.0202666,-0.449156
-0.0167478,-0.445909
-0.0132033,-0.442623
-0.00963348,-0.439297
-0.00603847,-0.435929
-0.00241856,-0.432519
0.00122596,-0.429067
0.00489478,-0.425569
0.00858754,-0.422027
0.0123039,-0.418438
0.0160433,-0.414801
0.0198055,-0.411116
0.0235899,-0.40738
0.0273961,-0.403594
0.0312233,-0.399754
0.0350711,-0.395861
0.0389387,-0.391913
0.0428255,-0.387908
0.0467307,-0.383846
0.0506535,-0.379724
0.054593,-0.375541
0.0585483,-0.371296
0.0625184,-0.366987
0.0665022,-0.362613
0.0704985,-0.358172
0.0745062,-0.353662
0.078524,-0.349082
0.0825504,-0.344431
0.086584,-0.339705
0.0906231,-0.334905
0.0946662,-0.330028
0.0987115,-0.325072
0.102757,-0.320035
0.106801,-0.314916
0.11084,-0.309714
0.114874,-0.304426
0.118899,-0.29905
0.122913,-0.293585
0.126913,-0.288029
0.130897,-0.28238
0.134861,-0.276637
0.138802,-0.270799
0.142718,-0.264862
0.146603,-0.258827
0.150456,-0.252692
0.154272,-0.246454
0.158046,-0.240114
0.161776,-0.23367
0.165456,-0.22712
0.169082,-0.220465
0.172649,-0.213704
0.176153,-0.206835
0.179587,-0.199859
0.182948,-0.192777
0.18623,-0.185587
0.189427,-0.178291
0.192533,-0.170889
0.195544,-0.163383
0.198452,-0.155774
0.201253,-0.148064
0.203941,-0.140254
0.206509,-0.132349
0.208951,-0.12435
0.211263,-0.11626
0.213438,-0.108085
0.215471,-0.0998269
0.217357,-0.0914917
0.21909,-0.083084
0.220665,-0.0746092
0.222079,-0.0660732
0.223328,-0.0574821
0.224406,-0.0488425
0.225312,-0.0401612
0.226042,-0.0314452
0.226595,-0.0227018
0.226968,-0.0139385
0.22716,-0.00516303
0.22717,0.00361701
0.226999,0.0123939
0.226648,0.0211598
0.226116,0.0299073
0.225406,0.0386286
0.22452,0.0473166
0.223461,0.055964
0.222231,0.0645641
0.220835,0.0731101
0.219276,0.081596
0.21756,0.0900158
0.215689,0.098364
0.21367,0.106635
0.211508,0.114826
0.209208,0.12293
0.206777,0.130945
0.204218,0.138867
0.201539,0.146692
0.198746,0.154419
0.195843,0.162046
0.192838,0.169569
0.189735,0.176988
0.186541,0.184301
0.183261,0.191508
0.179901,0.198608
0.176465,0.205601
0.17296,0.212486
0.169391,0.219265
0.165762,0.225936
0.162077,0.232502
0.158343,0.238962
0.154562,0.245317
0.15074,0.25157
0.14688,0.25772
0.142986,0.263769
0.139062,0.269719
0.135112,0.275571
0.131138,0.281327
0.127144,0.286988
0.123133,0.292556
0.119107,0.298032
0.115071,0.303419
0.111025,0.308718
0.106972,0.313931
0.102916,0.319059
0.0988572,0.324105
0.0947985,0.32907
0.0907416,0.333955
0.0866884,0.338764
0.0826406,0.343496
0.0785998,0.348155
0.0745675,0.352742
0.070545,0.357257
0.0665337,0.361705
0.0625349,0.366084
0.0585496,0.370398
0.0545791,0.374648
0.0506242,0.378835
0.046686,0.382961
0.0427653,0.387028
0.0388629,0.391036
0.0349797,0.394988
0.0311163,0.398884
0.0272735,0.402725
0.0234517,0.406515
0.0196516,0.410252
0.0158737,0.413939
0.0121186,0.417578
0.00838663,0.421168
0.00467823,0.424712
0.000993802,0.42821
-0.00266631,0.431663
-0.00630177,0.435074
-0.00991229,0.438441
-0.0134976,0.441768
-0.0170575,0.445054
-0.0205917,0.4483
-0.0241,0.451508
-0.0275822,0.454678
-0.0310383,0.457812
-0.034468,0.46091
-0.0378712,0.463973
-0.0412479,0.467001
-0.0445979,0.469996
-0.0479211,0.472958
-0.0512175,0.475889
-0.054487,0.478788
-0.0577297,0.481656
-0.0609454,0.484495
-0.0641341,0.487305
-0.0672959,0.490086
-0.0704308,0.492839
-0.0735387,0.495565
-0.0766196,0.498264
-0.0796737,0.500937
-0.0827009,0.503584
-0.0857013,0.506207
-0.0886748,0.508805
-0.0916217,0.511378
-0.0945419,0.513929
-0.0974354,0.516456
-0.100302,0.518961
-0.103143,0.521443
-0.105957,0.523904
-0.108745,0.526344
-0.111507,0.528763
-0.114242,0.531161
-0.116952,0.53354
-0.119635,0.535899
-0.122293,0.538238
-0.124925,0.540559
-0.127531,0.542861
-0.130111,0.545145
-0.132667,0.547411
-0.135197,0.549659
-0.137701,0.55189
-0.140181,0.554105
-0.142635,0.556302
-0.145065,0.558483
-0.14747,0.560648
-0.14985,0.562798
-0.152206,0.564931
-0.154537,0.56705
-0.156844,0.569153
-0.159127,0.571242
-0.161385,0.573316
-0.16362,0.575375
-0.165831,0.577421
-0.168018,0.579452
-0.170182,0.58147
-0.172322,0.583474
-0.174439,0.585465
-0.176533,0.587443
-0.178604,0.589408
-0.180651,0.59136
-0.182676,0.593299
-0.184678,0.595226
-0.186658,0.597141
-0.188615,0.599043
-0.19055,0.600934
-0.192462,0.602813
-0.194353,0.60468
-0.196222,0.606535
-0.198068,0.608379
-0.199893,0.610212
-0.201697,0.612034
-0.203479,0.613844
-0.205239,0.615644
-0.206979,0.617433
-0.208697,0.619211
-0.210394,0.620978
-0.212071,0.622736
-0.213727,0.624482
-0.215362,0.626219
-0.216976,0.627945
-0.218571,0.629661
-0.220145,0.631367
-0.221699,0.633063
-0.223233,0.634749
-0.224747,0.636426
-0.226241,0.638093
-0.227715,0.63975
-0.22917,0.641398
-0.230606,0.643036
-0.232022,0.644664
-0.23342,0.646284
-0.234798,0.647894
-0.236157,0.649495
-0.237497,0.651086
-0.238819,0.652669
-0.240122,0.654242
-0.241406,0.655806
-0.242672,0.657362
-0.24392,0.658908
-0.24515,0.660446
-0.246361,0.661975
-0.247555,0.663494
-0.248731,0.665006
-0.249889,0.666508
-0.25103,0.668002
-0.252153,0.669487
-0.253258,0.670963
-0.254347,0.672431
-0.255418,0.67389
-0.256472,0.67534
-0.25751,0.676782
-0.25853,0.678216
-0.259534,0.679641
-0.260521,0.681057
-0.261492,0.682466
-0.262446,0.683865
-0.263384,0.685257
-0.264306,0.68664
-0.265211,0.688014
-0.266101,0.68938
-0.266975,0.690738
-0.267833,0.692087
-0.268675,0.693428
-0.269502,0.694761
-0.270314,0.696086
-0.27111,0.697402
-0.271891,0.69871
-0.272656,0.700009
-0.273407,0.7013
-0.274142,0.702583
-0.274863,0.703858
-0.275569,0.705124
-0.276261,0.706382
-0.276938,0.707632
-0.2776,0.708873
-0.278248,0.710107
-0.278882,0.711331
-0.279502,0.712548
-0.280108,0.713756
-0.280699,0.714956
-0.281277,0.716148
-0.281841,0.717331
-0.282392,0.718506
-0.282929,0.719672
-0.283453,0.720831
-0.283963,0.72198
-0.28446,0.723122
-0.284944,0.724255
-0.285414,0.72538
-0.285872,0.726496
-0.286317,0.727604
-0.286749,0.728703
-0.287169,0.729794
-0.287576,0.730877
-0.28797,0.731951
-0.288352,0.733017
-0.288722,0.734074
-0.28908,0.735122
-0.289425,0.736163
-0.289759,0.737194
-0.29008,0.738217
-0.29039,0.739231
-0.290688,0.740237
-0.290974,0.741234
-0.291249,0.742223
-0.291513,0.743203
-0.291765,0.744174
-0.292006,0.745136
-0.292235,0.74609
-0.292454,0.747035
-0.292662,0.747972
-0.292859,0.748899
-0.293045,0.749818
-0.29322,0.750728
-0.293385,0.751629
-0.293539,0.752521
-0.293682,0.753404
-0.293816,0.754279
-0.293939,0.755144
-0.294052,0.756001
-0.294155,0.756849
-0.294248,0.757687
-0.294331,0.758517
-0.294405,0.759337
-0.294469,0.760149
-0.294523,0.760951
-0.294567,0.761744
-0.294603,0.762529
-0.294628,0.763304
-0.294645,0.764069
-0.294653,0.764826
-0.294651,0.765573
-0.294641,0.766311
-0.294621,0.76704
-0.294593,0.767759
-0.294556,0.76847
-0.294511,0.76917
-0.294457,0.769862
-0.294395,0.770544
-0.294324,0.771216
-0.294245,0.771879
-0.294158,0.772533
-0.294063,0.773177
-0.29396,0.773811
-0.293849,0.774436
-0.29373,0.775051
-0.293603,0.775657
-0.293469,0.776253
-0.293328,0.776839
-0.293179,0.777416
-0.293022,0.777983
-0.292858,0.77854
-0.292688,0.779087
-0.29251,0.779624
-0.292325,0.780152
-0.292133,0.78067
-0.291934,0.781177
-0.291729,0.781675
-0.291517,0.782163
-0.291298,0.782641
-0.291073,0.783109
-0.290842,0.783567
-0.290604,0.784014
-0.29036,0.784452
-0.29011,0.78488
-0.289854,0.785297
-0.289592,0.785704
-0.289325,0.786101
-0.289051,0.786488
-0.288772,0.786864
-0.288487,0.78723
-0.288197,0.787586
-0.287901,0.787932
-0.2876,0.788267
-0.287294,0.788591
-0.286983,0.788906
-0.286666,0.789209
-0.286345,0.789503
-0.286019,0.789785
-0.285688,0.790057
-0.285352,0.790319
-0.285012,0.79057
-0.284667,0.79081
-0.284318,0.79104
-0.283964,0.791259
-0.283606,0.791467
-0.283244,0.791664
-0.282878,0.791851
-0.282508,0.792027
-0.282134,0.792192
-0.281756,0.792346
-0.281375,0.792489
-0.280989,0.792622
-0.280601,0.792743
-0.280208,0.792853
-0.279813,0.792952
-0.279414,0.793041
-0.279012,0.793118
-0.278607,0.793184
-0.278198,0.793239
-0.277787,0.793283
-0.277373,0.793315
-0.276956,0.793337
-0.276537,0.793347
-0.276115,0.793346
-0.27569,0.793333
-0.275263,0.793309
-0.274834,0.793274
-0.274402,0.793228
-0.273968,0.79317
-0.273533,0.7931
-0.273095,0.793019
-0.272655,0.792927
-0.272214,0.792823
-0.27177,0.792707
-0.271325,0.79258
-0.270879,0.792441
-0.270431,0.792291
-0.269982,0.792129
-0.269532,0.791955
-0.26908,0.79177
-0.268627,0.791572
-0.268173,0.791363
-0.267719,0.791142
-0.267263,0.790909
-0.266807,0.790664
-0.26635,0.790408
-0.265892,0.790139
-0.265434,0.789859
-0.264976,0.789566
-0.264517,0.789261
-0.264058,0.788945
-0.263599,0.788616
-0.263139,0.788275
-0.26268,0.787922
-0.262221,0.787556
-0.261762,0.787179
-0.261304,0.786789
-0.260845,0.786387
-0.260388,0.785972
-0.25993,0.785546
-0.259474,0.785106
-0.259018,0.784655
-0.258563,0.784191
-0.258109,0.783714
-0.257656,0.783225
-0.257204,0.782724
-0.256753,0.78221
-0.256303,0.781683
-0.255855,0.781144
-0.255408,0.780592
-0.254963,0.780027
-0.254519,0.77945
-0.254077,0.77886
-0.253636,0.778257
-0.253198,0.777641
-0.252761,0.777012
-0.252327,0.776371
-0.251894,0.775716
-0.251464,0.775049
-0.251036,0.774369
-0.250611,0.773675
-0.250187,0.772969
-0.249767,0.772249
-0.249349,0.771516
-0.248934,0.77077
-0.248521,0.770011
-0.248112,0.769239
-0.247705,0.768453
-0.247302,0.767654
-0.246901,0.766842
-0.246504,0.766017
-0.24611,0.765177
-0.24572,0.764325
-0.245333,0.763459
-0.24495,0.762579
-0.24457,0.761686
-0.244194,0.760779
-0.243822,0.759859
-0.243454,0.758925
-0.24309,0.757977
-0.24273,0.757016
-0.242374,0.75604
-0.242022,0.755051
-0.241675,0.754048
-0.241332,0.753031
-0.240993,0.752
-0.240659,0.750955
-0.24033,0.749896
-0.240006,0.748823
-0.239686,0.747735
-0.239371,0.746634
-0.239062,0.745518
-0.238757,0.744388
-0.238458,0.743244
-0.238164,0.742085
-0.237875,0.740912
-0.237591,0.739724
-0.237314,0.738522
-0.237041,0.737306
-0.236775,0.736074
-0.236514,0.734828
-0.236259,0.733568
-0.23601,0.732292
-0.235766,0.731002
-0.235529,0.729697
-0.235298,0.728377
-0.235074,0.727042
-0.234855,0.725692
-0.234643,0.724327
-0.234438,0.722947
-0.234239,0.721552
-0.234046,0.720141
-0.233861,0.718715
-0.233682,0.717274
-0.23351,0.715817
-0.233345,0.714345
-0.233187,0.712858
-0.233036,0.711354
-0.232892,0.709835
-0.232755,0.708301
-0.232626,0.70675
-0.232504,0.705184
-0.23239,0.703601
-0.232283,0.702003
-0.232184,0.700389
-0.232093,0.698758
-0.232009,0.697112
-0.231933,0.695449
-0.231865,0.693769
-0.231806,0.692073
-0.231754,0.690361
-0.23171,0.688632
-0.231674,0.686887
-0.231647,0.685125
-0.231628,0.683345
-0.231618,0.68155
-0.231616,0.679737
-0.231622,0.677907
-0.231637,0.676059
-0.231661,0.674195
-0.231694,0.672313
-0.231735,0.670414
-0.231785,0.668497
-0.231845,0.666563
-0.231913,0.664611
-0.23199,0.662641
-0.232076,0.660654
-0.232172,0.658648
-0.232277,0.656624
-0.232391,0.654582
-0.232514,0.652522
-0.232647,0.650443
-0.232789,0.648346
-0.232941,0.64623
-0.233103,0.644095
-0.233274,0.641942
-0.233454,0.639769
-0.233645,0.637578
-0.233845,0.635367
-0.234055,0.633137
-0.234275,0.630887
-0.234505,0.628618
-0.234744,0.626329
-0.234994,0.62402
-0.235254,0.621691
-0.235524,0.619342
-0.235804,0.616973
-0.236094,0.614583
-0.236394,0.612173
-0.236704,0.609742
-0.237025,0.60729
-0.237356,0.604817
-0.237697,0.602323
-0.238048,0.599808
-0.23841,0.597271
-0.238782,0.594712
-0.239165,0.592132
-0.239558,0.58953
-0.239961,0.586905
-0.240375,0.584258
-0.240799,0.581589
-0.241234,0.578896
-0.241678,0.576181
-0.242134,0.573443
-0.2426,0.570681
-0.243076,0.567896
-0.243562,0.565087
-0.244059,0.562255
-0.244566,0.559398
-0.245084,0.556517
-0.245612,0.553611
-0.24615,0.55068
-0.246698,0.547724
-0.247257,0.544744
-0.247826,0.541737
-0.248405,0.538705
-0.248993,0.535647
-0.249592,0.532562
-0.250201,0.529451
-0.25082,0.526314
-0.251449,0.523149
-0.252087,0.519957
-0.252735,0.516737
-0.253393,0.51349
-0.25406,0.510214
-0.254736,0.50691
-0.255422,0.503577
-0.256117,0.500215
-0.256821,0.496824
-0.257533,0.493403
-0.258255,0.489952
-0.258985,0.486471
-0.259724,0.482959
-0.260471,0.479416
-0.261226,0.475842
-0.261989,0.472236
-0.262759,0.468598
-0.263538,0.464927
-0.264323,0.461223
-0.265116,0.457487
-0.265916,0.453717
-0.266722,0.449912
-0.267535,0.446074
-0.268354,0.4422
-0.269179,0.438292
-0.270009,0.434347
-0.270845,0.430367
-0.271685,0.42635
-0.27253,0.422296
-0.273379,0.418204
-0.274233,0.414075
-0.275089,0.409907
-0.275949,0.405701
-0.276811,0.401455
-0.277675,0.397169
-0.278541,0.392843
-0.279409,0.388477
-0.280277,0.384068
-0.281145,0.379618
-0.282012,0.375126
-0.282879,0.37059
-0.283744,0.366012
-0.284607,0.361389
-0.285467,0.356721
-0.286323,0.352008
-0.287175,0.34725
-0.288022,0.342445
-0.288863,0.337594
-0.289698,0.332695
-0.290524,0.327748
-0.291343,0.322752
-0.292152,0.317707
-0.29295,0.312612
-0.293737,0.307467
-0.294512,0.302271
-0.295273,0.297024
-0.296019,0.291724
-0.29675,0.286371
-0.297463,0.280966
-0.298158,0.275506
-0.298833,0.269992
-0.299487,0.264422
-0.300117,0.258798
-0.300724,0.253117
-0.301305,0.247379
-0.301858,0.241585
-0.302382,0.235733
-0.302875,0.229823
-0.303335,0.223854
-0.303761,0.217827
-0.304149,0.21174
-0.304498,0.205594
-0.304807,0.199389
-0.305072,0.193123
-0.305291,0.186798
-0.305463,0.180412
-0.305583,0.173966
-0.305651,0.167459
-0.305663,0.160893
-0.305616,0.154266
-0.305509,0.14758
-0.305337,0.140835
-0.305097,0.13403
-0.304788,0.127168
-0.304405,0.120248
-0.303946,0.113271
-0.303406,0.106239
-0.302784,0.0991522
-0.302075,0.092012
-0.301276,0.0848201
-0.300383,0.077578
-0.299394,0.0702875
-0.298303,0.0629508
-0.297109,0.0555699
-0.295806,0.0481474
-0.294393,0.0406859
-0.292864,0.0331884
-0.291217,0.0256579
-0.289448,0.0180978
-0.287555,0.0105118
-0.285533,0.00290364
-0.283379,-0.00472247
-0.281091,-0.0123622
-0.278666,-0.0200109
-0.276101,-0.0276638
-0.273395,-0.0353158
-0.270544,-0.0429617
-0.267547,-0.0505958
-0.264402,-0.0582126
-0.261109,-0.0658063
-0.257667,-0.0733708
-0.254075,-0.0809
-0.250332,-0.0883879
-0.24644,-0.0958281
-0.242399,-0.103214
-0.23821,-0.110541
-0.233875,-0.1178
-0.229396,-0.124988
-0.224774,-0.132097
-0.220014,-0.139121
-0.215118,-0.146056
-0.21009,-0.152896
-0.204933,-0.159635
-0.199653,-0.166269
-0.194253,-0.172793
-0.188739,-0.179204
-0.183115,-0.185496
-0.177388,-0.191667
-0.171562,-0.197714
-0.165644,-0.203634
-0.159639,-0.209425
-0.153553,-0.215084
-0.147392,-0.220611
-0.141162,-0.226004
-0.134869,-0.231263
-0.128518,-0.236387
-0.122116,-0.241376
-0.115668,-0.24623
-0.109179,-0.25095
-0.102656,-0.255538
-0.0961023,-0.259993
-0.0895245,-0.264318
-0.0829268,-0.268514
-0.0763142,-0.272582
-0.0696909,-0.276526
-0.0630613,-0.280347
-0.0564294,-0.284047
-0.0497992,-0.287629
-0.0431743,-0.291096
-0.0365582,-0.294449
-0.029954,-0.297692
-0.0233648,-0.300828
-0.0167935,-0.303858
-0.0102428,-0.306787
-0.00371513,-0.309616
0.00278722,-0.312349
0.00926211,-0.314988
0.0157075,-0.317536
0.0221217,-0.319997
0.028503,-0.322371
0.0348497,-0.324664
0.0411606,-0.326876
0.0474344,-0.329011
0.0536699,-0.331072
0.059866,-0.33306
0.0660219,-0.334978
0.0721366,-0.33683
0.0782095,-0.338616
0.0842399,-0.340339
0.0902272,-0.342003
0.0961709,-0.343608
0.102071,-0.345157
0.107926,-0.346652
0.113736,-0.348096
0.119502,-0.349489
0.125223,-0.350834
0.130898,-0.352133
0.136528,-0.353388
0.142112,-0.354599
0.147651,-0.35577
0.153144,-0.356902
0.158592,-0.357995
0.163995,-0.359052
0.169353,-0.360075
0.174665,-0.361064
0.179933,-0.362021
0.185155,-0.362947
0.190334,-0.363843
0.195468,-0.364712
0.200557,-0.365553
0.205603,-0.366369
0.210605,-0.36716
0.215564,-0.367927
0.22048,-0.368672
0.225353,-0.369395
0.230183,-0.370097
0.234971,-0.37078
0.239718,-0.371443
0.244422,-0.372089
0.249086,-0.372718
0.253708,-0.37333
0.25829,-0.373927
0.262831,-0.374509
0.267333,-0.375077
0.271794,-0.375632
0.276217,-0.376174
0.2806,-0.376704
0.284945,-0.377223
0.289252,-0.377731
0.29352,-0.378229
0.297751,-0.378717
0.301944,-0.379195
0.3061,-0.379666
0.31022,-0.380128
0.314303,-0.380583
0.318351,-0.38103
0.322362,-0.381471
0.326338,-0.381906
0.330279,-0.382335
0.334185,-0.382758
0.338057,-0.383176
0.341894,-0.38359
0.345697,-0.383999
0.349467,-0.384405
0.353204,-0.384807
0.356908,-0.385205
0.360579,-0.385601
0.364217,-0.385993
0.367823,-0.386384
0.371398,-0.386772
0.374941,-0.387158
0.378452,-0.387543
0.381933,-0.387926
0.385383,-0.388308
0.388802,-0.388689
0.392191,-0.38907
0.39555,-0.38945
0.39888,-0.389829
0.402179,-0.390209
0.40545,-0.390588
0.408692,-0.390968
0.411905,-0.391348
0.415089,-0.391728
0.418245,-0.39211
0.421373,-0.392492
0.424473,-0.392875
0.427546,-0.393259
0.430591,-0.393645
0.43361,-0.394032
0.436601,-0.39442
0.439565,-0.39481
0.442503,-0.395202
0.445415,-0.395595
0.448301,-0.395991
0.451161,-0.396388
0.453995,-0.396788
0.456803,-0.397189
0.459586,-0.397593
0.462345,-0.397999
0.465078,-0.398407
0.467786,-0.398818
0.47047,-0.399232
0.47313,-0.399648
0.475765,-0.400066
0.478376,-0.400487
0.480964,-0.400911
0.483528,-0.401338
0.486068,-0.401767
0.488585,-0.402199
0.491079,-0.402634
0.49355,-0.403072
0.495998,-0.403512
0.498423,-0.403956
0.500826,-0.404403
0.503206,-0.404852
0.505564,-0.405305
0.507901,-0.40576
0.510215,-0.406219
0.512507,-0.40668
0.514778,-0.407145
0.517027,-0.407612
0.519255,-0.408083
0.521461,-0.408556
0.523647,-0.409033
0.525812,-0.409513
0.527955,-0.409995
0.530079,-0.410481
0.532181,-0.410969
0.534263,-0.411461
0.536325,-0.411956
0.538367,-0.412453
0.540388,-0.412953
0.54239,-0.413457
0.544372,-0.413963
0.546334,-0.414472
0.548277,-0.414984
0.5502,-0.415499
0.552104,-0.416017
0.553988,-0.416537
0.555854,-0.41706
0.5577,-0.417586
0.559528,-0.418115
0.561336,-0.418646
0.563127,-0.41918
0.564898,-0.419717
0.566651,-0.420256
0.568386,-0.420798
0.570102,-0.421342
0.571801,-0.421888
0.573481,-0.422437
0.575143,-0.422989
0.576788,-0.423543
0.578414,-0.424099
0.580023,-0.424657
0.581615,-0.425218
0.583189,-0.42578
0.584745,-0.426345
0.586285,-0.426912
0.587807,-0.427481
0.589312,-0.428052
0.5908,-0.428625
0.592271,-0.4292
0.593725,-0.429777
0.595162,-0.430355
0.596583,-0.430936
0.597987,-0.431518
0.599375,-0.432101
0.600746,-0.432686
0.602101,-0.433273
0.60344,-0.433862
0.604762,-0.434451
0.606069,-0.435043
0.607359,-0.435635
0.608633,-0.436229
0.609892,-0.436824
0.611135,-0.43742
0.612362,-0.438017
0.613574,-0.438616
0.61477,-0.439215
0.61595,-0.439815
0.617116,-0.440417
0.618265,-0.441019
0.6194,-0.441622
0.62052,-0.442225
0.621624,-0.442829
0.622713,-0.443434
0.623788,-0.44404
0.624847,-0.444645
0.625892,-0.445252
0.626922,-0.445858
0.627937,-0.446465
0.628938,-0.447073
0.629924,-0.44768
0.630896,-0.448288
0.631854,-0.448895
0.632797,-0.449503
0.633726,-0.45011
0.63464,-0.450718
0.635541,-0.451325
0.636427,-0.451932
0.6373,-0.452538
0.638158,-0.453145
0.639003,-0.45375
0.639834,-0.454356
0.640651,-0.45496
0.641455,-0.455565
0.642245,-0.456168
0.643021,-0.456771
0.643784,-0.457372
0.644534,-0.457973
0.64527,-0.458573
0.645993,-0.459172
0.646703,-0.45977
0.6474,-0.460367
0.648083,-0.460962
0.648754,-0.461557
0.649411,-0.46215
0.650056,-0.462741
0.650687,-0.463331
0.651306,-0.46392
0.651912,-0.464506
0.652506,-0.465092
0.653087,-0.465675
0.653655,-0.466257
0.654211,-0.466837
0.654755,-0.467414
0.655286,-0.46799
0.655805,-0.468564
0.656311,-0.469136
0.656805,-0.469705
0.657288,-0.470272
0.657758,-0.470837
0.658216,-0.4714
0.658662,-0.47196
0.659096,-0.472517
0.659518,-0.473072
0.659929,-0.473624
0.660328,-0.474173
0.660715,-0.47472
0.661091,-0.475264
0.661455,-0.475805
0.661807,-0.476342
0.662148,-0.476877
0.662478,-0.477409
0.662796,-0.477937
0.663103,-0.478462
0.663399,-0.478984
0.663683,-0.479502
0.663957,-0.480017
0.664219,-0.480529
0.66447,-0.481036
0.664711,-0.481541
0.66494,-0.482041
0.665159,-0.482537
0.665367,-0.48303
0.665564,-0.483519
0.665751,-0.484003
0.665927,-0.484484
0.666092,-0.48496
0.666247,-0.485433
0.666391,-0.485901
0.666525,-0.486364
0.666649,-0.486823
0.666762,-0.487278
0.666865,-0.487728
0.666958,-0.488174
0.667041,-0.488614
0.667113,-0.489051
0.667176,-0.489482
0.667229,-0.489908
0.667272,-0.49033
0.667304,-0.490746
0.667328,-0.491157
0.667341,-0.491563
0.667345,-0.491964
0.667339,-0.49236
0.667323,-0.49275
0.667298,-0.493135
0.667264,-0.493514
0.66722,-0.493888
0.667166,-0.494256
0.667104,-0.494619
0.667032,-0.494975
0.666951,-0.495326
0.66686,-0.495671
0.666761,-0.49601
0.666652,-0.496343
0.666535,-0.49667
0.666409,-0.49699
0.666273,-0.497305
0.666129,-0.497613
0.665976,-0.497915
0.665815,-0.49821
0.665644,-0.498499
0.665465,-0.498781
0.665278,-0.499057
0.665082,-0.499325
0.664877,-0.499588
0.664664,-0.499843
0.664443,-0.500091
0.664214,-0.500333
0.663976,-0.500567
0.66373,-0.500794
0.663476,-0.501014
0.663213,-0.501227
0.662943,-0.501433
0.662665,-0.501631
0.662379,-0.501822
0.662085,-0.502005
0.661783,-0.502181
0.661473,-0.502349
0.661156,-0.502509
0.660831,-0.502661
0.660498,-0.502806
0.660158,-0.502943
0.65981,-0.503072
0.659455,-0.503192
0.659092,-0.503305
0.658722,-0.503409
0.658345,-0.503506
0.657961,-0.503593
0.657569,-0.503673
0.65717,-0.503744
0.656764,-0.503807
0.656351,-0.503861
0.655931,-0.503906
0.655504,-0.503942
0.655071,-0.50397
0.65463,-0.503989
0.654183,-0.503999
0.653729,-0.504001
0.653268,-0.503993
0.652801,-0.503976
0.652327,-0.503949
0.651847,-0.503914
0.65136,-0.503869
0.650866,-0.503815
0.650367,-0.503751
0.649861,-0.503678
0.649349,-0.503595
0.64883,-0.503503
0.648306,-0.503401
0.647775,-0.503289
0.647238,-0.503167
0.646696,-0.503035
0.646147,-0.502894
0.645593,-0.502742
0.645032,-0.50258
0.644466,-0.502408
0.643894,-0.502226
0.643317,-0.502033
0.642734,-0.50183
0.642145,-0.501617
0.64155,-0.501393
0.640951,-0.501158
0.640345,-0.500913
0.639735,-0.500657
0.639119,-0.50039
0.638497,-0.500113
0.637871,-0.499824
0.637239,-0.499524
0.636602,-0.499214
0.635961,-0.498892
0.635314,-0.498559
0.634662,-0.498215
0.634005,-0.497859
0.633343,-0.497492
0.632676,-0.497113
0.632005,-0.496723
0.631329,-0.496321
0.630648,-0.495908
0.629962,-0.495483
0.629272,-0.495046
0.628578,-0.494597
0.627879,-0.494136
0.627175,-0.493663
0.626467,-0.493178
0.625754,-0.492681
0.625038,-0.492171
0.624317,-0.491649
0.623591,-0.491115
0.622862,-0.490568
0.622128,-0.490009
0.621391,-0.489437
0.620649,-0.488853
0.619903,-0.488256
0.619154,-0.487646
0.6184,-0.487023
0.617643,-0.486387
0.616881,-0.485738
0.616116,-0.485076
0.615348,-0.4844
0.614575,-0.483712
0.613799,-0.48301
0.613019,-0.482295
0.612236,-0.481566
0.611449,-0.480824
0.610659,-0.480068
0.609865,-0.479298
0.609068,-0.478515
0.608267,-0.477718
0.607463,-0.476907
0.606656,-0.476082
0.605845,-0.475242
0.605032,-0.474389
0.604215,-0.473522
0.603395,-0.47264
0.602572,-0.471744
0.601746,-0.470833
0.600916,-0.469908
0.600084,-0.468968
0.599249,-0.468014
0.598411,-0.467045
0.59757,-0.466061
0.596726,-0.465062
0.595879,-0.464048
0.59503,-0.463019
0.594178,-0.461975
0.593323,-0.460915
0.592465,-0.45984
0.591605,-0.45875
0.590742,-0.457645
0.589876,-0.456524
0.589008,-0.455387
0.588137,-0.454235
0.587264,-0.453066
0.586388,-0.451882
0.58551,-0.450682
0.584629,-0.449466
0.583746,-0.448234
0.58286,-0.446985
0.581972,-0.445721
0.581082,-0.44444
0.580189,-0.443142
0.579294,-0.441828
0.578396,-0.440497
0.577497,-0.439149
0.576595,-0.437785
0.57569,-0.436404
0.574784,-0.435006
0.573875,-0.43359
0.572964,-0.432158
0.572051,-0.430708
0.571135,-0.429241
0.570218,-0.427757
0.569298,-0.426254
0.568376,-0.424735
0.567451,-0.423197
0.566525,-0.421642
0.565596,-0.420069
0.564666,-0.418478
0.563733,-0.416869
0.562798,-0.415242
0.56186,-0.413596
0.560921,-0.411932
0.559979,-0.410249
0.559035,-0.408548
0.558089,-0.406829
0.557141,-0.40509
0.55619,-0.403333
0.555237,-0.401556
0.554282,-0.399761
0.553325,-0.397946
0.552365,-0.396113
0.551403,-0.394259
0.550439,-0.392387
0.549472,-0.390494
0.548503,-0.388582
0.547532,-0.386651
0.546558,-0.384699
0.545582,-0.382727
0.544603,-0.380736
0.543621,-0.378724
0.542637,-0.376691
0.541651,-0.374638
0.540661,-0.372565
0.539669,-0.370471
0.538675,-0.368356
0.537677,-0.366221
0.536676,-0.364064
0.535673,-0.361886
0.534667,-0.359687
0.533657,-0.357467
0.532645,-0.355225
0.531629,-0.352962
0.53061,-0.350677
0.529587,-0.34837
0.528562,-0.346042
0.527532,-0.343691
0.5265,-0.341318
0.525463,-0.338923
0.524423,-0.336505
0.523379,-0.334065
0.522331,-0.331602
0.521279,-0.329116
0.520223,-0.326608
0.519163,-0.324076
0.518098,-0.321521
0.517029,-0.318944
0.515955,-0.316342
0.514876,-0.313717
0.513793,-0.311069
0.512705,-0.308396
0.511611,-0.3057
0.510512,-0.30298
0.509408,-0.300235
0.508298,-0.297466
0.507183,-0.294673
0.506061,-0.291855
0.504934,-0.289013
0.5038,-0.286146
0.50266,-0.283253
0.501513,-0.280336
0.50036,-0.277394
0.499199,-0.274426
0.498031,-0.271432
0.496856,-0.268413
0.495673,-0.265368
0.494482,-0.262298
0.493283,-0.259201
0.492076,-0.256078
0.49086,-0.252929
0.489635,-0.249754
0.488401,-0.246552
0.487158,-0.243323
0.485905,-0.240068
0.484642,-0.236785
0.483369,-0.233476
0.482085,-0.230139
0.48079,-0.226775
0.479484,-0.223384
0.478167,-0.219966
0.476838,-0.216519
0.475496,-0.213045
0.474142,-0.209543
0.472775,-0.206013
0.471394,-0.202455
0.47,-0.198869
0.468592,-0.195254
0.467169,-0.191611
0.465731,-0.187939
0.464277,-0.184239
0.462808,-0.180511
0.461322,-0.176753
0.459819,-0.172967
0.458299,-0.169151
0.456761,-0.165307
0.455205,-0.161434
0.453629,-0.157532
0.452035,-0.1536
0.45042,-0.149639
0.448784,-0.145649
0.447127,-0.14163
0.445449,-0.137581
0.443748,-0.133503
0.442023,-0.129396
0.440275,-0.12526
0.438503,-0.121094
0.436705,-0.116899
0.434882,-0.112675
0.433031,-0.108422
0.431154,-0.104139
0.429248,-0.0998276
0.427313,-0.0954872
0.425349,-0.091118
0.423354,-0.0867202
0.421328,-0.0822938
0.419269,-0.0778391
0.417177,-0.0733562
0.415051,-0.0688453
0.41289,-0.0643066
0.410693,-0.0597404
0.408459,-0.055147
0.406187,-0.0505267
0.403877,-0.0458798
0.401526,-0.0412066
0.399134,-0.0365075
0.3967,-0.031783
0.394223,-0.0270334
0.391702,-0.0222593
0.389135,-0.0174611
0.386522,-0.0126395
0.383861,-0.00779499
0.381152,-0.00292822
0.378392,0.00196015
0.375581,0.00686939
0.372717,0.0117987
0.369799,0.0167474
0.366827,0.0217145
0.363798,0.0266991
0.360712,0.0317003
0.357567,0.036717
0.354361,0.0417482
0.351095,0.0467928
0.347765,0.0518494
0.344372,0.0569169
0.340913,0.061994
0.337388,0.0670792
0.333795,0.072171
0.330133,0.077268
0.326401,0.0823685
0.322597,0.0874709
0.31872,0.0925733
0.31477,0.097674
0.310744,0.102771
0.306642,0.107862
0.302464,0.112946
0.298207,0.11802
0.293871,0.123082
0.289455,0.128129
0.284958,0.13316
0.28038,0.138172
0.275719,0.143161
0.270976,0.148127
0.266149,0.153066
0.261238,0.157975
0.256244,0.162851
0.251165,0.167693
0.246002,0.172496
0.240755,0.177258
0.235424,0.181977
0.230009,0.186648
0.22451,0.191269
0.218929,0.195837
0.213266,0.20035
0.207522,0.204803
0.201697,0.209194
0.195794,0.21352
0.189812,0.217777
0.183755,0.221964
0.177623,0.226077
0.171419,0.230113
0.165143,0.23407
0.158799,0.237945
0.152389,0.241735
0.145914,0.245438
0.139378,0.249052
0.132783,0.252575
0.126131,0.256003
0.119427,0.259337
0.112672,0.262573
0.10587,0.26571
0.0990231,0.268746
0.0921358,0.271682
0.0852108,0.274514
0.0782515,0.277243
0.0712612,0.279867
0.0642433,0.282387
0.0572012,0.284802
0.0501382,0.28711
0.0430579,0.289314
0.0359635,0.291412
0.0288584,0.293405
0.0217458,0.295293
0.014629,0.297077
0.00751122,0.298758
0.000395502,0.300337
-0.00671511,0.301815
-0.0138177,0.303192
-0.0209093,0.304471
-0.0279872,0.305653
-0.0350488,0.306739
-0.0420915,0.30773
-0.0491128,0.30863
-0.0561104,0.309439
-0.0630821,0.310159
-0.0700257,0.310792
-0.0769392,0.31134
-0.0838207,0.311806
-0.0906684,0.312191
-0.0974807,0.312497
-0.104256,0.312726
-0.110993,0.312881
-0.117689,0.312964
-0.124345,0.312977
-0.130959,0.312922
-0.137529,0.312801
-0.144054,0.312616
-0.150535,0.31237
-0.15697,0.312065
-0.163357,0.311702
-0.169698,0.311283
-0.175991,0.310812
-0.182235,0.310289
-0.18843,0.309717
-0.194577,0.309097
-0.200673,0.308432
-0.206721,0.307724
-0.212718,0.306974
-0.218665,0.306183
-0.224563,0.305355
-0.23041,0.30449
-0.236207,0.30359
-0.241954,0.302657
-0.247651,0.301692
-0.253299,0.300697
-0.258897,0.299674
-0.264445,0.298623
-0.269945,0.297547
-0.275395,0.296446
-0.280796,0.295322
-0.28615,0.294177
-0.291455,0.293011
-0.296712,0.291825
-0.301922,0.290622
-0.307084,0.289401
-0.3122,0.288165
-0.31727,0.286914
-0.322294,0.285649
-0.327272,0.284372
-0.332205,0.283082
-0.337094,0.281782
-0.341938,0.280472
-0.346738,0.279153
-0.351495,0.277825
-0.356208,0.276491
-0.36088,0.275149
-0.365509,0.273802
-0.370096,0.27245
-0.374642,0.271093
-0.379148,0.269732
-0.383613,0.268369
-0.388038,0.267003
-0.392424,0.265635
-0.39677,0.264266
-0.401078,0.262896
-0.405348,0.261526
-0.40958,0.260156
-0.413775,0.258788
-0.417933,0.25742
-0.422055,0.256055
-0.426141,0.254692
-0.43019,0.253331
-0.434205,0.251974
-0.438185,0.250621
-0.442131,0.249271
-0.446042,0.247925
-0.44992,0.246585
-0.453765,0.245249
-0.457577,0.243918
-0.461356,0.242593
-0.465103,0.241275
-0.468819,0.239962
-0.472503,0.238656
-0.476157,0.237356
-0.479779,0.236064
-0.483372,0.234779
-0.486934,0.233502
-0.490467,0.232232
-0.49397,0.23097
-0.497445,0.229716
-0.500891,0.228471
-0.504308,0.227234
-0.507698,0.226006
-0.51106,0.224787
-0.514395,0.223577
-0.517702,0.222376
-0.520983,0.221184
-0.524237,0.220002
-0.527465,0.21883
-0.530667,0.217667
-0.533844,0.216514
-0.536995,0.215371
-0.540121,0.214238
-0.543222,0.213116
-0.546298,0.212003
-0.54935,0.210901
-0.552378,0.20981
-0.555383,0.208729
-0.558363,0.207659
-0.56132,0.206599
-0.564254,0.20555
-0.567166,0.204512
-0.570054,0.203485
-0.57292,0.202469
-0.575764,0.201463
-0.578586,0.200469
-0.581385,0.199486
-0.584164,0.198514
-0.58692,0.197553
-0.589656,0.196603
-0.592371,0.195665
-0.595064,0.194737
-0.597737,0.193821
-0.60039,0.192916
-0.603022,0.192023
-0.605635,0.19114
-0.608227,0.190269
-0.610799,0.18941
-0.613352,0.188561
-0.615886,0.187724
-0.6184,0.186898
-0.620895,0.186084
-0.623371,0.185281
-0.625829,0.184489
-0.628267,0.183708
-0.630687,0.182939
-0.633089,0.182181
-0.635473,0.181434
-0.637839,0.180698
-0.640186,0.179974
-0.642516,0.179261
-0.644828,0.178559
-0.647123,0.177868
-0.6494,0.177188
-0.65166,0.176519
-0.653903,0.175862
-0.656129,0.175215
-0.658338,0.174579
-0.66053,0.173955
-0.662705,0.173341
-0.664864,0.172738
-0.667007,0.172146
-0.669133,0.171565
-0.671242,0.170995
-0.673336,0.170435
-0.675414,0.169886
-0.677476,0.169348
-0.679521,0.168821
-0.681552,0.168304
-0.683566,0.167797
-0.685565,0.167301
-0.687549,0.166816
-0.689517,0.16634
-0.69147,0.165876
-0.693408,0.165421
-0.69533,0.164977
-0.697238,0.164543
-0.699131,0.164119
-0.701009,0.163705
-0.702872,0.163301
-0.70472,0.162907
-0.706554,0.162523
-0.708374,0.162149
-0.710178,0.161785
-0.711969,0.161431
-0.713745,0.161086
-0.715507,0.160751
-0.717255,0.160425
-0.718989,0.160109
-0.720708,0.159803
-0.722414,0.159505
-0.724106,0.159218
-0.725784,0.158939
-0.727448,0.15867
-0.729099,0.15841
-0.730736,0.158159
-0.732359,0.157917
-0.733969,0.157684
-0.735565,0.15746
-0.737148,0.157245
-0.738718,0.157038
-0.740274,0.156841
-0.741817,0.156651
-0.743347,0.156471
-0.744863,0.156299
-0.746367,0.156136
-0.747858,0.155981
-0.749335,0.155834
-0.7508,0.155696
-0.752251,0.155565
-0.75369,0.155443
-0.755116,0.155329
-0.75653,0.155223
-0.75793,0.155125
-0.759318,0.155035
-0.760694,0.154952
-0.762057,0.154877
-0.763407,0.15481
-0.764745,0.154751
-0.76607,0.154699
-0.767383,0.154654
-0.768683,0.154617
-0.769972,0.154587
-0.771247,0.154565
-0.772511,0.154549
-0.773763,0.154541
-0.775002,0.15454
-0.776229,0.154545
-0.777444,0.154558
-0.778647,0.154577
-0.779838,0.154603
-0.781017,0.154636
-0.782184,0.154675
-0.783339,0.154721
-0.784482,0.154773
-0.785613,0.154832
-0.786733,0.154897
-0.78784,0.154968
-0.788936,0.155046
-0.79002,0.155129
-0.791093,0.155219
-0.792153,0.155314
-0.793203,0.155416
-0.79424,0.155523
-0.795266,0.155636
-0.79628,0.155754
-0.797283,0.155878
-0.798274,0.156008
-0.799254,0.156143
-0.800222,0.156284
-0.801179,0.156429
-0.802125,0.15658
-0.803059,0.156737
-0.803981,0.156898
-0.804893,0.157064
-0.805793,0.157235
-0.806682,0.157411
-0.80756,0.157592
-0.808426,0.157777
-0.809281,0.157967
-0.810125,0.158162
-0.810958,0.158361
-0.81178,0.158564
-0.81259,0.158772
-0.81339,0.158984
-0.814178,0.1592
-0.814956,0.159421
-0.815722,0.159645
-0.816478,0.159873
-0.817222,0.160106
-0.817956,0.160342
-0.818679,0.160581
-0.81939,0.160825
-0.820091,0.161072
-0.820781,0.161322
-0.82146,0.161576
-0.822128,0.161834
-0.822786,0.162094
-0.823433,0.162358
-0.824069,0.162625
-0.824694,0.162895
-0.825308,0.163168
-0.825912,0.163444
-0.826505,0.163722
-0.827088,0.164004
-0.82766,0.164288
-0.828221,0.164575
-0.828771,0.164864
-0.829311,0.165156
-0.829841,0.16545
-0.83036,0.165746
-0.830868,0.166045
-0.831366,0.166346
-0.831854,0.166649
-0.83233,0.166954
-0.832797,0.167261
-0.833253,0.167569
-0.833699,0.16788
-0.834134,0.168192
-0.834559,0.168506
-0.834973,0.168821
-0.835377,0.169138
-0.835771,0.169456
-0.836155,0.169776
-0.836528,0.170097
-0.836891,0.170419
-0.837244,0.170742
-0.837586,0.171066
-0.837919,0.171391
-0.838241,0.171717
-0.838553,0.172044
-0.838854,0.172371
-0.839146,0.172699
-0.839427,0.173028
-0.839699,0.173357
-0.83996,0.173687
-0.840211,0.174017
-0.840452,0.174347
-0.840684,0.174677
-0.840905,0.175008
-0.841116,0.175338
-0.841317,0.175669
-0.841508,0.175999
-0.841689,0.17633
-0.84186,0.17666
-0.842022,0.176989
-0.842173,0.177318
-0.842314,0.177647
-0.842446,0.177975
-0.842568,0.178303
-0.84268,0.17863
-0.842782,0.178956
-0.842874,0.179281
-0.842957,0.179605
-0.84303,0.179929
-0.843093,0.180251
-0.843146,0.180572
-0.84319,0.180892
-0.843223,0.18121
-0.843248,0.181527
-0.843262,0.181843
-0.843267,0.182157
-0.843262,0.182469
-0.843248,0.18278
-0.843224,0.183089
-0.843191,0.183396
-0.843148,0.183701
-0.843095,0.184004
-0.843033,0.184306
-0.842961,0.184605
-0.84288,0.184901
-0.842789,0.185196
-0.842689,0.185488
-0.84258,0.185778
-0.842461,0.186065
-0.842332,0.186349
-0.842195,0.186631
-0.842048,0.18691
-0.841891,0.187187
-0.841725,0.18746
-0.84155,0.18773
-0.841366,0.187998
-0.841172,0.188262
-0.840969,0.188523
-0.840757,0.188781
-0.840535,0.189035
-0.840304,0.189286
-0.840064,0.189534
-0.839815,0.189777
-0.839557,0.190018
-0.839289,0.190254
-0.839013,0.190487
-0.838727,0.190716
-0.838432,0.190941
-0.838128,0.191161
-0.837815,0.191378
-0.837493,0.191591
-0.837162,0.191799
-0.836822,0.192003
-0.836473,0.192202
-0.836115,0.192397
-0.835748,0.192588
-0.835372,0.192774
-0.834987,0.192955
-0.834593,0.193131
-0.83419,0.193303
-0.833779,0.193469
-0.833358,0.193631
-0.832929,0.193787
-0.832491,0.193938
-0.832044,0.194084
-0.831588,0.194225
-0.831123,0.19436
-0.83065,0.19449
-0.830168,0.194615
-0.829677,0.194733
-0.829177,0.194846
-0.828669,0.194953
-0.828152,0.195055
-0.827626,0.19515
-0.827092,0.19524
-0.826549,0.195323
-0.825997,0.1954
-0.825437,0.195471
-0.824868,0.195536
-0.82429,0.195594
-0.823705,0.195646
-0.82311,0.195692
-0.822507,0.19573
-0.821895,0.195762
-0.821275,0.195788
-0.820647,0.195806
-0.820009,0.195818
-0.819364,0.195822
-0.81871,0.19582
-0.818047,0.19581
-0.817377,0.195793
-0.816697,0.195769
-0.81601,0.195738
-0.815314,0.195699
-0.814609,0.195653
-0.813896,0.195599
-0.813175,0.195537
-0.812446,0.195467
-0.811708,0.19539
-0.810962,0.195305
-0.810208,0.195212
-0.809445,0.195111
-0.808675,0.195001
-0.807895,0.194884
-0.807108,0.194758
-0.806313,0.194624
-0.805509,0.194482
-0.804697,0.19433
-0.803877,0.194171
-0.803048,0.194002
-0.802212,0.193825
-0.801367,0.19364
-0.800514,0.193445
-0.799653,0.193241
-0.798784,0.193028
-0.797907,0.192806
-0.797022,0.192575
-0.796128,0.192335
-0.795227,0.192085
-0.794317,0.191826
-0.7934,0.191557
-0.792474,0.191279
-0.79154,0.190991
-0.790598,0.190694
-0.789648,0.190386
-0.78869,0.190069
-0.787724,0.189741
-0.78675,0.189404
-0.785768,0.189056
-0.784778,0.188699
-0.78378,0.188331
-0.782774,0.187952
-0.78176,0.187564
-0.780738,0.187164
-0.779708,0.186754
-0.77867,0.186334
-0.777624,0.185902
-0.77657,0.18546
-0.775508,0.185007
-0.774438,0.184543
-0.77336,0.184068
-0.772274,0.183582
-0.77118,0.183084
-0.770078,0.182575
-0.768968,0.182055
-0.76785,0.181524
-0.766724,0.180981
-0.76559,0.180426
-0.764448,0.179859
-0.763298,0.179281
-0.76214,0.178691
-0.760974,0.178089
-0.759799,0.177475
-0.758617,0.176849
-0.757427,0.176211
-0.756229,0.17556
-0.755023,0.174897
-0.753808,0.174222
-0.752586,0.173534
-0.751356,0.172834
-0.750117,0.172121
-0.74887,0.171395
-0.747615,0.170657
-0.746352,0.169905
-0.745081,0.169141
-0.743802,0.168364
-0.742514,0.167573
-0.741219,0.166769
-0.739915,0.165952
-0.738603,0.165122
-0.737282,0.164278
-0.735953,0.163421
-0.734616,0.16255
-0.733271,0.161665
-0.731917,0.160767
-0.730555,0.159854
-0.729185,0.158928
-0.727806,0.157988
-0.726418,0.157034
-0.725022,0.156065
-0.723618,0.155082
-0.722205,0.154085
-0.720783,0.153074
-0.719353,0.152048
-0.717914,0.151007
-0.716466,0.149952
-0.71501,0.148882
-0.713545,0.147797
-0.712071,0.146698
-0.710588,0.145583
-0.709097,0.144453
-0.707596,0.143308
-0.706086,0.142148
-0.704568,0.140973
-0.70304,0.139782
-0.701503,0.138576
-0.699957,0.137354
-0.698401,0.136117
-0.696837,0.134863
-0.695263,0.133594
-0.693679,0.13231
-0.692086,0.131009
-0.690484,0.129692
-0.688871,0.128359
-0.68725,0.12701
-0.685618,0.125645
-0.683977,0.124263
-0.682325,0.122865
-0.680664,0.12145
-0.678993,0.120019
-0.677311,0.118571
-0.675619,0.117106
-0.673917,0.115625
-0.672205,0.114126
-0.670482,0.112611
-0.668749,0.111078
-0.667004,0.109529
-0.66525,0.107962
-0.663484,0.106378
-0.661707,0.104776
-0.659919,0.103158
-0.658121,0.101521
-0.65631,0.0998671
-0.654489,0.0981954
-0.652656,0.096506
-0.650811,0.0947988
-0.648955,0.0930737
-0.647086,0.0913306
-0.645206,0.0895695
-0.643313,0.0877903
-0.641409,0.085993
-0.639491,0.0841774
-0.637562,0.0823435
-0.635619,0.0804912
-0.633664,0.0786205
-0.631696,0.0767313
-0.629715,0.0748236
-0.62772,0.0728972
-0.625712,0.0709521
-0.62369,0.0689882
-0.621654,0.0670056
-0.619605,0.0650041
-0.617541,0.0629836
-0.615463,0.0609442
-0.61337,0.0588857
-0.611263,0.0568082
-0.60914,0.0547115
-0.607003,0.0525957
-0.60485,0.0504606
-0.602682,0.0483062
-0.600497,0.0461325
-0.598297,0.0439394
-0.596081,0.041727
-0.593848,0.0394951
-0.591598,0.0372437
-0.589332,0.0349729
-0.587048,0.0326825
-0.584747,0.0303725
-0.582428,0.028043
-0.580091,0.0256939
-0.577735,0.0233252
-0.575362,0.0209368
-0.572969,0.0185289
-0.570557,0.0161012
-0.568126,0.013654
-0.565675,0.0111871
-0.563204,0.00870055
-0.560713,0.00619439
-0.558201,0.00366863
-0.555668,0.00112329
-0.553113,-0.00144162
-0.550537,-0.00402605
-0.547939,-0.00662998
-0.545318,-0.00925336
-0.542674,-0.0118961
-0.540007,-0.0145583
-0.537317,-0.0172397
-0.534602,-0.0199403
-0.531863,-0.0226601
-0.529099,-0.025399
-0.52631,-0.0281568
-0.523495,-0.0309335
-0.520654,-0.033729
-0.517787,-0.0365431
-0.514892,-0.0393758
-0.51197,-0.0422268
-0.50902,-0.0450961
-0.506041,-0.0479835
-0.503033,-0.0508888
-0.499996,-0.0538119
-0.496928,-0.0567525
-0.49383,-0.0597105
-0.490701,-0.0626856
-0.48754,-0.0656777
-0.484347,-0.0686864
-0.481121,-0.0717115
-0.477862,-0.0747528
-0.474569,-0.0778099
-0.471241,-0.0808826
-0.467877,-0.0839705
-0.464478,-0.0870733
-0.461043,-0.0901906
-0.45757,-0.0933221
-0.45406,-0.0964673
-0.450511,-0.0996259
-0.446923,-0.102797
-0.443295,-0.105981
-0.439626,-0.109177
-0.435917,-0.112384
-0.432165,-0.115602
-0.428371,-0.118831
-0.424533,-0.122069
-0.420652,-0.125316
-0.416725,-0.128572
-0.412753,-0.131835
-0.408734,-0.135106
-0.404669,-0.138382
-0.400555,-0.141665
-0.396393,-0.144952
-0.392181,-0.148242
-0.387919,-0.151536
-0.383606,-0.154832
-0.379241,-0.158129
-0.374824,-0.161426
-0.370354,-0.164722
-0.365829,-0.168016
-0.361249,-0.171306
-0.356614,-0.174592
-0.351923,-0.177873
-0.347174,-0.181146
-0.342368,-0.184412
-0.337503,-0.187667
-0.332579,-0.190912
-0.327595,-0.194143
-0.322551,-0.197361
-0.317445,-0.200563
-0.312278,-0.203748
-0.307048,-0.206913
-0.301756,-0.210058
-0.296401,-0.21318
-0.290981,-0.216278
-0.285498,-0.219349
-0.27995,-0.222392
-0.274338,-0.225404
-0.26866,-0.228384
-0.262917,-0.231329
-0.257109,-0.234238
-0.251236,-0.237107
-0.245298,-0.239935
-0.239294,-0.24272
-0.233225,-0.245458
-0.227092,-0.248148
-0.220894,-0.250788
-0.214632,-0.253374
-0.208308,-0.255904
-0.20192,-0.258376
-0.195471,-0.260788
-0.18896,-0.263136
-0.18239,-0.265419
-0.175761,-0.267633
-0.169075,-0.269777
-0.162332,-0.271847
-0.155534,-0.273842
-0.148684,-0.275759
-0.141782,-0.277595
-0.13483,-0.279349
-0.127831,-0.281018
-0.120787,-0.282599
-0.113699,-0.284091
-0.106571,-0.285492
-0.0994039,-0.2868
-0.0922011,-0.288013
-0.0849652,-0.289129
-0.0776989,-0.290147
-0.0704049,-0.291066
-0.0630864,-0.291883
-0.0557462,-0.292598
-0.0483875,-0.293211
-0.0410134,-0.293719
-0.033627,-0.294123
-0.0262317,-0.294421
-0.0188305,-0.294614
-0.0114269,-0.294701
-0.00402404,-0.294683
0.0033748,-0.294559
0.0107664,-0.29433
0.0181475,-0.293996
0.0255149,-0.293559
0.0328655,-0.293017
0.0401962,-0.292374
0.0475041,-0.291629
0.054786,-0.290785
0.0620393,-0.289842
0.0692611,-0.288802
0.0764488,-0.287666
0.0835998,-0.286438
0.0907116,-0.285117
0.0977819,-0.283707
0.104808,-0.282209
0.111789,-0.280625
0.118722,-0.278958
0.125605,-0.277211
0.132436,-0.275384
0.139215,-0.273481
0.145938,-0.271505
0.152606,-0.269457
0.159217,-0.267339
0.165769,-0.265156
0.172261,-0.262908
0.178693,-0.260599
0.185064,-0.25823
0.191373,-0.255805
0.19762,-0.253326
0.203803,-0.250795
0.209924,-0.248215
0.21598,-0.245587
0.221973,-0.242915
0.227901,-0.240201
0.233766,-0.237446
0.239566,-0.234654
0.245302,-0.231826
0.250974,-0.228964
0.256583,-0.22607
0.262128,-0.223147
0.26761,-0.220197
0.273029,-0.21722
0.278386,-0.21422
0.28368,-0.211198
0.288914,-0.208155
0.294086,-0.205094
0.299199,-0.202016
0.304251,-0.198922
0.309244,-0.195815
0.314179,-0.192695
0.319056,-0.189565
0.323876,-0.186425
0.328639,-0.183276
0.333347,-0.180121
0.337999,-0.17696
0.342597,-0.173794
0.347142,-0.170626
0.351633,-0.167455
0.356073,-0.164282
0.360461,-0.16111
0.364799,-0.157938
0.369087,-0.154769
0.373325,-0.151602
0.377516,-0.148438
0.381659,-0.145279
0.385755,-0.142125
0.389805,-0.138977
0.393809,-0.135835
0.397769,-0.132701
0.401685,-0.129575
0.405558,-0.126457
0.409389,-0.123349
0.413178,-0.12025
0.416926,-0.117162
0.420633,-0.114084
0.424301,-0.111019
0.42793,-0.107965
0.431521,-0.104923
0.435074,-0.101894
0.43859,-0.0988781
0.44207,-0.0958759
0.445514,-0.0928876
0.448923,-0.0899137
0.452297,-0.0869544
0.455638,-0.08401
0.458946,-0.0810809
0.46222,-0.0781674
0.465463,-0.0752697
0.468674,-0.072388
0.471854,-0.0695227
0.475004,-0.066674
0.478124,-0.063842
0.481214,-0.061027
0.484275,-0.0582292
0.487309,-0.0554487
0.490314,-0.0526858
0.493292,-0.0499406
0.496243,-0.0472132
0.499167,-0.0445037
0.502066,-0.0418124
0.504939,-0.0391394
0.507787,-0.0364846
0.51061,-0.0338484
0.513409,-0.0312307
0.516184,-0.0286316
0.518936,-0.0260513
0.521665,-0.0234898
0.524371,-0.0209471
0.527055,-0.0184235
0.529717,-0.0159188
0.532358,-0.0134331
0.534977,-0.0109666
0.537576,-0.00851922
0.540154,-0.00609102
0.542712,-0.00368204
0.545251,-0.0012923
0.54777,0.00107817
0.55027,0.00342935
0.552751,0.00576123
0.555213,0.0080738
0.557658,0.010367
0.560084,0.012641
0.562493,0.0148955
0.564885,0.0171308
0.567259,0.0193467
0.569617,0.0215434
0.571958,0.0237207
0.574282,0.0258787
0.576591,0.0280175
0.578884,0.030137
0.581161,0.0322373
0.583424,0.0343183
0.585671,0.0363802
0.587903,0.0384229
0.59012,0.0404465
0.592323,0.0424509
0.594512,0.0444363
0.596687,0.0464027
0.598848,0.0483501
0.600995,0.0502784
0.603129,0.0521879
0.60525,0.0540785
0.607357,0.0559502
0.609452,0.0578031
0.611534,0.0596373
0.613604,0.0614527
0.615661,0.0632495
0.617706,0.0650276
0.619739,0.0667872
0.62176,0.0685282
0.623769,0.0702507
0.625767,0.0719548
0.627753,0.0736405
0.629728,0.0753078
0.631692,0.0769569
0.633644,0.0785877
0.635586,0.0802004
0.637517,0.0817949
0.639438,0.0833714
0.641348,0.0849298
0.643247,0.0864703
0.645136,0.0879928
0.647015,0.0894975
0.648884,0.0909844
0.650743,0.0924535
0.652592,0.093905
0.654432,0.0953388
0.656262,0.096755
0.658082,0.0981537
0.659893,0.099535
0.661694,0.100899
0.663486,0.102245
0.665269,0.103575
0.667043,0.104887
0.668808,0.106181
0.670563,0.107459
0.67231,0.10872
0.674049,0.109963
0.675778,0.11119
0.677499,0.1124
0.679211,0.113593
0.680915,0.114769
0.68261,0.115928
0.684297,0.117071
0.685976,0.118198
0.687646,0.119307
0.689309,0.120401
0.690963,0.121477
0.692609,0.122538
0.694247,0.123582
0.695877,0.12461
0.697499,0.125622
0.699113,0.126618
0.700719,0.127597
0.702318,0.128561
0.703909,0.129508
0.705492,0.13044
0.707067,0.131356
0.708635,0.132256
0.710196,0.133141
0.711748,0.13401
0.713294,0.134863
0.714831,0.135701
0.716362,0.136523
0.717885,0.13733
0.7194,0.138121
0.720908,0.138898
0.722409,0.139658
0.723903,0.140404
0.725389,0.141135
0.726868,0.14185
0.72834,0.142551
0.729804,0.143237
0.731262,0.143907
0.732712,0.144563
0.734155,0.145204
0.735591,0.145831
0.73702,0.146442
0.738442,0.14704
0.739856,0.147622
0.741264,0.14819
0.742665,0.148744
0.744058,0.149283
0.745444,0.149808
0.746824,0.150319
0.748196,0.150815
0.749562,0.151298
0.75092,0.151766
0.752271,0.15222
0.753616,0.15266
0.754953,0.153086
0.756284,0.153499
0.757607,0.153897
0.758924,0.154282
0.760233,0.154653
0.761536,0.155011
0.762831,0.155355
0.76412,0.155685
0.765401,0.156002
0.766676,0.156306
0.767944,0.156596
0.769204,0.156872
0.770458,0.157136
0.771705,0.157386
0.772945,0.157623
0.774177,0.157847
0.775403,0.158058
0.776622,0.158256
0.777834,0.158441
0.779039,0.158614
0.780236,0.158773
0.781427,0.15892
0.782611,0.159054
0.783787,0.159175
0.784957,0.159283
0.78612,0.15938
0.787275,0.159463
0.788423,0.159534
0.789565,0.159593
0.790699,0.159639
0.791826,0.159673
0.792946,0.159695
0.794059,0.159705
0.795164,0.159702
0.796263,0.159688
0.797354,0.159661
0.798439,0.159623
0.799515,0.159572
0.800585,0.15951
0.801648,0.159436
0.802703,0.15935
0.803751,0.159252
0.804792,0.159143
0.805825,0.159022
0.806852,0.15889
0.80787,0.158746
0.808882,0.15859
0.809886,0.158423
0.810883,0.158245
0.811872,0.158056
0.812855,0.157855
0.813829,0.157643
0.814797,0.15742
0.815756,0.157186
0.816709,0.156941
0.817654,0.156684
0.818591,0.156417
0.819521,0.156139
0.820443,0.15585
0.821358,0.15555
0.822266,0.15524
0.823165,0.154918
0.824057,0.154587
0.824942,0.154244
0.825819,0.153891
0.826688,0.153527
0.82755,0.153153
0.828404,0.152769
0.82925,0.152374
0.830089,0.151969
0.83092,0.151553
0.831743,0.151128
0.832558,0.150692
0.833366,0.150246
0.834166,0.14979
0.834958,0.149324
0.835742,0.148848
0.836518,0.148361
0.837287,0.147866
0.838048,0.14736
0.8388,0.146844
0.839545,0.146319
0.840282,0.145783
0.841011,0.145239
0.841733,0.144684
0.842446,0.14412
0.843151,0.143547
0.843849,0.142963
0.844538,0.142371
0.845219,0.141769
0.845893,0.141158
0.846558,0.140537
0.847215,0.139907
0.847864,0.139268
0.848506,0.138619
0.849139,0.137962
0.849764,0.137295
0.850381,0.136619
0.85099,0.135934
0.851591,0.135241
0.852183,0.134538
0.852768,0.133826
0.853344,0.133105
0.853913,0.132376
0.854473,0.131638
0.855025,0.130891
0.855569,0.130135
0.856105,0.129371
0.856632,0.128598
0.857152,0.127816
0.857663,0.127026
0.858167,0.126227
0.858662,0.12542
0.859149,0.124604
0.859627,0.12378
0.860098,0.122947
0.86056,0.122107
0.861015,0.121257
0.861461,0.1204
0.861899,0.119534
0.862329,0.11866
0.862751,0.117778
0.863165,0.116888
0.86357,0.11599
0.863968,0.115084
0.864357,0.114169
0.864739,0.113247
0.865112,0.112317
0.865478,0.111378
0.865835,0.110432
0.866184,0.109478
0.866526,0.108516
0.866859,0.107547
0.867185,0.106569
0.867502,0.105584
0.867812,0.104591
0.868114,0.103591
0.868408,0.102583
0.868694,0.101567
0.868973,0.100544
0.869243,0.0995132
0.869506,0.098475
0.869762,0.0974294
0.87001,0.0963763
0.87025,0.0953159
0.870482,0.0942481
0.870707,0.093173
0.870925,0.0920907
0.871135,0.0910011
0.871338,0.0899043
0.871533,0.0888004
0.871722,0.0876894
0.871903,0.0865713
0.872077,0.0854462
0.872243,0.0843141
0.872403,0.083175
0.872556,0.0820291
0.872701,0.0808763
0.87284,0.0797167
0.872972,0.0785503
0.873097,0.0773772
0.873216,0.0761975
0.873328,0.0750112
0.873434,0.0738183
0.873533,0.0726189
0.873625,0.0714131
0.873712,0.0702009
0.873792,0.0689823
0.873866,0.0677576
0.873934,0.0665266
0.873996,0.0652895
0.874052,0.0640464
0.874102,0.0627973
0.874147,0.0615422
0.874186,0.0602814
0.874219,0.0590148
0.874247,0.0577426
0.87427,0.0564647
0.874287,0.0551815
0.874299,0.0538928
0.874306,0.0525988
0.874308,0.0512996
0.874305,0.0499953
0.874298,0.0486861
0.874285,0.047372
0.874268,0.0460531
0.874247,0.0447296
0.874221,0.0434015
0.874191,0.042069
0.874156,0.0407323
0.874117,0.0393915
0.874075,0.0380466
0.874028,0.0366979
0.873977,0.0353454
0.873923,0.0339894
0.873864,0.0326299
0.873802,0.0312672
0.873737,0.0299014
0.873668,0.0285326
0.873595,0.027161
0.873519,0.0257868
0.87344,0.0244101
0.873357,0.0230312
0.873271,0.0216502
0.873182,0.0202672
0.87309,0.0188825
0.872995,0.0174962
0.872896,0.0161085
0.872795,0.0147196
0.87269,0.0133298
0.872583,0.0119391
0.872472,0.0105478
0.872359,0.00915603
0.872242,0.00776405
