2.71828,2.76105,2.8045,2.84862,2.8934,2.93885,2.98495,3.03171,3.07912,3.12718,3.17588,3.22521,3.27517,3.32576,3.37696,3.42877,3.48118,3.53418,3.58775,3.64189,3.69658,3.75181,3.80756,3.86383,3.92059,3.97783,4.03553,4.09367,4.15224,4.21121,4.27056,4.33026,4.39031,4.45066,4.5113,4.57221,4.63334,4.69468,4.7562,4.81787,4.87966,4.94153,5.00346,5.06541,5.12734,5.18923,5.25104,5.31273,5.37427,5.43561,5.49673,5.55757,5.61811,5.6783,5.73811,5.79748,5.85639,5.91479,5.97264,6.02989,6.08651,6.14246,6.19768,6.25214,6.30581,
2.6761,2.71823,2.76101,2.80445,2.84854,2.89328,2.93867,2.98471,3.03138,3.07869,3.12664,3.17521,3.2244,3.2742,3.32461,3.37562,3.42721,3.47938,3.53213,3.58542,3.63927,3.69364,3.74853,3.80393,3.85981,3.91616,3.97297,4.03021,4.08787,4.14592,4.20435,4.26313,4.32224,4.38166,4.44136,4.50132,4.56151,4.6219,4.68247,4.74318,4.80401,4.86492,4.92589,4.98688,5.04785,5.10878,5.16963,5.23037,5.29095,5.35134,5.41151,5.47141,5.53101,5.59027,5.64915,5.7076,5.7656,5.82309,5.88004,5.93641,5.99215,6.04723,6.1016,6.15522,6.20804,
2.63459,2.67608,2.7182,2.76097,2.80438,2.84843,2.89311,2.93843,2.98439,3.03096,3.07816,3.12598,3.17441,3.22344,3.27307,3.32328,3.37408,3.42544,3.47737,3.52984,3.58285,3.63638,3.69042,3.74495,3.79997,3.85545,3.91137,3.96773,4.02449,4.08164,4.13917,4.19704,4.25523,4.31373,4.37251,4.43154,4.49079,4.55025,4.60987,4.66965,4.72953,4.7895,4.84952,4.90956,4.9696,5.02958,5.08949,5.14928,5.20892,5.26838,5.32761,5.38659,5.44526,5.5036,5.56157,5.61912,5.67621,5.73282,5.78888,5.84438,5.89926,5.95348,6.007,6.05979,6.1118,
2.59374,2.63458,2.67606,2.71816,2.7609,2.80427,2.84826,2.89288,2.93812,2.98397,3.03044,3.07752,3.12519,3.17347,3.22232,3.27176,3.32177,3.37234,3.42346,3.47511,3.5273,3.58,3.6332,3.68689,3.74106,3.79567,3.85073,3.90621,3.9621,4.01836,4.075,4.13197,4.18926,4.24685,4.30472,4.36283,4.42117,4.4797,4.53841,4.59725,4.65621,4.71525,4.77434,4.83345,4.89255,4.95161,5.01058,5.06945,5.12817,5.1867,5.24502,5.30308,5.36084,5.41828,5.47535,5.532,5.58821,5.64394,5.69914,5.75377,5.8078,5.86118,5.91387,5.96584,6.01704,
2.55352,2.59373,2.63456,2.67602,2.71809,2.76079,2.8041,2.84803,2.89256,2.93771,2.98346,3.0298,3.07674,3.12427,3.17237,3.22104,3.27027,3.32005,3.37038,3.42124,3.47261,3.5245,3.57688,3.62973,3.68306,3.73683,3.79103,3.84565,3.90067,3.95607,4.01182,4.06791,4.12432,4.18101,4.23798,4.29519,4.35263,4.41025,4.46805,4.52598,4.58402,4.64215,4.70032,4.75852,4.8167,4.87484,4.9329,4.99086,5.04866,5.10629,5.1637,5.22086,5.27773,5.33428,5.39046,5.44624,5.50158,5.55644,5.61078,5.66457,5.71776,5.77031,5.82219,5.87335,5.92376,
2.51393,2.55351,2.59371,2.63453,2.67595,2.71798,2.76062,2.80387,2.84772,2.89216,2.9372,2.98283,3.02904,3.07583,3.12318,3.1711,3.21957,3.26858,3.31813,3.3682,3.41878,3.46986,3.52142,3.57346,3.62596,3.6789,3.73226,3.78603,3.8402,3.89473,3.94962,4.00484,4.06037,4.11619,4.17228,4.2286,4.28515,4.34188,4.39878,4.45581,4.51295,4.57018,4.62745,4.68474,4.74203,4.79926,4.85643,4.91348,4.97039,5.02713,5.08365,5.13992,5.19591,5.25158,5.30689,5.36181,5.41629,5.4703,5.5238,5.57675,5.62911,5.68085,5.73192,5.78229,5.83192,
2.47495,2.51392,2.5535,2.59368,2.63446,2.67584,2.71782,2.7604,2.80357,2.84733,2.89167,2.93659,2.98208,3.02814,3.07476,3.12194,3.16965,3.21791,3.26668,3.31598,3.36577,3.41606,3.46683,3.51806,3.56974,3.62186,3.6744,3.72734,3.78066,3.83435,3.88839,3.94275,3.99742,4.05238,4.10759,4.16305,4.21871,4.27457,4.33058,4.38673,4.44299,4.49932,4.55571,4.61211,4.66851,4.72486,4.78114,4.83731,4.89334,4.94919,5.00484,5.06024,5.11536,5.17016,5.22462,5.27868,5.33232,5.38549,5.43816,5.49029,5.54184,5.59278,5.64306,5.69265,5.7415,
2.43657,2.47494,2.51391,2.55347,2.59362,2.63436,2.67569,2.7176,2.7601,2.80318,2.84683,2.89106,2.93585,2.98119,3.02709,3.07353,3.12051,3.16802,3.21604,3.26457,3.31359,3.3631,3.41308,3.46352,3.5144,3.56571,3.61743,3.66955,3.72205,3.77491,3.82811,3.88163,3.93545,3.98955,4.04391,4.09851,4.15331,4.2083,4.26344,4.31872,4.37411,4.42957,4.48508,4.54061,4.59613,4.65161,4.70701,4.76231,4.81747,4.87246,4.92725,4.98179,5.03605,5.09001,5.14362,5.19684,5.24965,5.302,5.35385,5.40517,5.45593,5.50607,5.55557,5.60439,5.65249,
2.3988,2.43657,2.47493,2.51388,2.5534,2.59351,2.6342,2.67547,2.71731,2.75972,2.8027,2.84624,2.89033,2.93497,2.98016,3.02588,3.07213,3.1189,3.16618,3.21396,3.26222,3.31096,3.36017,3.40982,3.45991,3.51043,3.56135,3.61266,3.66434,3.71638,3.76876,3.82145,3.87444,3.9277,3.98122,4.03496,4.08892,4.14305,4.19734,4.25177,4.30629,4.3609,4.41555,4.47022,4.52488,4.57949,4.63404,4.68848,4.74279,4.79692,4.85086,4.90455,4.95798,5.0111,5.06387,5.11627,5.16826,5.2198,5.27085,5.32137,5.37134,5.42071,5.46944,5.5175,5.56486,
2.3616,2.39879,2.43656,2.4749,2.51381,2.5533,2.59336,2.63399,2.67518,2.71693,2.75925,2.80211,2.84552,2.88947,2.93396,2.97897,3.0245,3.07055,3.11709,3.16413,3.21164,3.25963,3.30807,3.35696,3.40627,3.456,3.50614,3.55665,3.60753,3.65877,3.71033,3.7622,3.81437,3.86681,3.9195,3.97241,4.02553,4.07882,4.13227,4.18585,4.23953,4.29329,4.34709,4.40091,4.45473,4.5085,4.5622,4.61579,4.66926,4.72256,4.77565,4.82852,4.88111,4.93341,4.98537,5.03696,5.08814,5.13887,5.18913,5.23888,5.28807,5.33667,5.38465,5.43196,5.47858,
2.32499,2.3616,2.39878,2.43653,2.47484,2.51372,2.55315,2.59315,2.63371,2.67481,2.71647,2.75867,2.8014,2.84467,2.88847,2.93279,2.97761,3.02294,3.06877,3.11507,3.16185,3.20909,3.25679,3.30491,3.35346,3.40242,3.45178,3.50151,3.5516,3.60204,3.65281,3.70388,3.75524,3.80686,3.85873,3.91082,3.96312,4.01559,4.06821,4.12096,4.1738,4.22673,4.2797,4.33269,4.38566,4.4386,4.49147,4.54423,4.59687,4.64934,4.70161,4.75366,4.80544,4.85692,4.90808,4.95887,5.00925,5.0592,5.10868,5.15765,5.20608,5.25393,5.30117,5.34775,5.39364,
2.28894,2.32499,2.36159,2.39875,2.43647,2.47474,2.51357,2.55295,2.59287,2.63334,2.67435,2.7159,2.75797,2.80057,2.84369,2.88732,2.93145,2.97608,3.02119,3.06678,3.11283,3.15934,3.20629,3.25368,3.30147,3.34968,3.39826,3.44723,3.49654,3.5462,3.59618,3.64646,3.69702,3.74784,3.79891,3.85019,3.90168,3.95333,4.00514,4.05707,4.1091,4.1612,4.21335,4.26551,4.31767,4.36979,4.42184,4.47378,4.5256,4.57726,4.62872,4.67996,4.73094,4.78163,4.83199,4.88199,4.93159,4.98077,5.02948,5.07769,5.12537,5.17248,5.21898,5.26484,5.31002,
2.25345,2.28894,2.32498,2.36156,2.39869,2.43637,2.4746,2.51337,2.55267,2.59252,2.63289,2.67379,2.71521,2.75715,2.7996,2.84255,2.886,2.92994,2.97435,3.01923,3.06457,3.11036,3.15658,3.20323,3.25029,3.29774,3.34558,3.39378,3.44233,3.49122,3.54042,3.58992,3.6397,3.68974,3.74001,3.7905,3.84119,3.89204,3.94304,3.99417,4.04539,4.09669,4.14803,4.19938,4.25073,4.30204,4.35328,4.40443,4.45544,4.5063,4.55696,4.60741,4.65759,4.70749,4.75707,4.8063,4.85514,4.90355,4.95151,4.99897,5.04591,5.09229,5.13807,5.18322,5.2277,
2.21851,2.25345,2.28893,2.32495,2.3615,2.3986,2.43623,2.4744,2.5131,2.55232,2.59207,2.63234,2.67312,2.71441,2.7562,2.79848,2.84126,2.88451,2.92824,2.97242,3.01706,3.06214,3.10765,3.15357,3.1999,3.24662,3.29371,3.34117,3.38897,3.4371,3.48553,3.53427,3.58327,3.63253,3.68203,3.73174,3.78163,3.8317,3.88191,3.93225,3.98268,4.03317,4.08372,4.13428,4.18483,4.23534,4.28579,4.33614,4.38637,4.43643,4.48631,4.53598,4.58539,4.63451,4.68332,4.73179,4.77986,4.82753,4.87474,4.92147,4.96768,5.01334,5.05841,5.10286,5.14665,
2.18412,2.21851,2.25344,2.2889,2.32489,2.36141,2.39846,2.43604,2.47413,2.51275,2.55188,2.59153,2.63167,2.67232,2.71347,2.7551,2.79721,2.83979,2.88284,2.92634,2.97029,3.01467,3.05947,3.10468,3.15029,3.19628,3.24265,3.28937,3.33643,3.38381,3.4315,3.47947,3.52772,3.57622,3.62494,3.67388,3.72301,3.7723,3.82173,3.87128,3.92093,3.97065,4.02041,4.07018,4.11995,4.16968,4.21935,4.26892,4.31836,4.36765,4.41676,4.46565,4.5143,4.56266,4.61072,4.65843,4.70576,4.75268,4.79917,4.84517,4.89066,4.93561,4.97999,5.02374,5.06686,
2.15026,2.18412,2.2185,2.25341,2.28885,2.3248,2.36128,2.39827,2.43578,2.47379,2.51232,2.55135,2.59087,2.63089,2.6714,2.71238,2.75384,2.79577,2.83815,2.88097,2.92424,2.96793,3.01204,3.05655,3.10145,3.14673,3.19238,3.23837,3.2847,3.33135,3.3783,3.42553,3.47303,3.52077,3.56875,3.61692,3.66529,3.71381,3.76248,3.81127,3.86014,3.90909,3.95808,4.00708,4.05608,4.10504,4.15393,4.20273,4.25141,4.29994,4.34829,4.39642,4.44431,4.49192,4.53923,4.5862,4.6328,4.679,4.72476,4.77005,4.81484,4.85909,4.90278,4.94586,4.9883,
2.11692,2.15025,2.18411,2.21848,2.25336,2.28876,2.32467,2.36109,2.39801,2.43544,2.47337,2.51179,2.55071,2.5901,2.62998,2.67033,2.71115,2.75242,2.79414,2.83631,2.8789,2.92191,2.96534,3.00916,3.05337,3.09794,3.14288,3.18816,3.23378,3.2797,3.32592,3.37242,3.41918,3.46619,3.51342,3.56085,3.60846,3.65624,3.70415,3.75218,3.8003,3.84848,3.89671,3.94496,3.9932,4.0414,4.08953,4.13758,4.1855,4.23328,4.28087,4.32826,4.37541,4.42228,4.46886,4.5151,4.56098,4.60646,4.65151,4.6961,4.74019,4.78376,4.82677,4.86918,4.91097,
2.0841,2.11692,2.15025,2.18408,2.21843,2.25327,2.28863,2.32448,2.36083,2.39768,2.43502,2.47285,2.51116,2.54995,2.58921,2.62893,2.66912,2.70975,2.75082,2.79233,2.83427,2.87661,2.91936,2.96251,3.00603,3.04992,3.09416,3.13874,3.18364,3.22885,3.27436,3.32014,3.36618,3.41245,3.45895,3.50564,3.55252,3.59955,3.64672,3.69401,3.74138,3.78882,3.8363,3.8838,3.93129,3.97874,4.02613,4.07343,4.12061,4.16765,4.21451,4.26116,4.30757,4.35372,4.39958,4.4451,4.49027,4.53504,4.5794,4.62329,4.66671,4.7096,4.75194,4.79369,4.83483,
2.05179,2.0841,2.11691,2.15022,2.18403,2.21834,2.25314,2.28844,2.32423,2.36051,2.39727,2.43451,2.47223,2.51041,2.54907,2.58817,2.62773,2.66774,2.70818,2.74904,2.79033,2.83202,2.8741,2.91658,2.95942,3.00263,3.04619,3.09008,3.13428,3.1788,3.22359,3.26867,3.31399,3.35955,3.40532,3.45129,3.49744,3.54375,3.59019,3.63674,3.68338,3.73008,3.77683,3.82359,3.87034,3.91706,3.96371,4.01028,4.05673,4.10303,4.14917,4.19509,4.24079,4.28623,4.33137,4.37619,4.42065,4.46474,4.5084,4.55162,4.59435,4.63658,4.67826,4.71937,4.75987,
2.01998,2.05179,2.08409,2.11688,2.15017,2.18395,2.21821,2.25296,2.2882,2.32391,2.3601,2.39677,2.4339,2.47149,2.50955,2.54805,2.587,2.62638,2.66619,2.70642,2.74707,2.78811,2.82955,2.87136,2.91354,2.95608,2.99896,3.04217,3.08569,3.12951,3.17362,3.21799,3.26261,3.30746,3.35253,3.39779,3.44322,3.48881,3.53453,3.58035,3.62627,3.67225,3.71827,3.76431,3.81034,3.85633,3.90226,3.94811,3.99384,4.03942,4.08484,4.13006,4.17504,4.21978,4.26422,4.30834,4.35212,4.39552,4.4385,4.48105,4.52313,4.5647,4.60573,4.6462,4.68608,
1.98866,2.01997,2.05178,2.08406,2.11683,2.15009,2.18382,2.21803,2.25272,2.28788,2.32351,2.35961,2.39616,2.43318,2.47064,2.50854,2.54689,2.58566,2.62486,2.66446,2.70448,2.74489,2.78568,2.82684,2.86837,2.91025,2.95247,2.995,3.03785,3.081,3.12442,3.1681,3.21203,3.25619,3.30055,3.34511,3.38984,3.43472,3.47973,3.52485,3.57005,3.61532,3.66063,3.70595,3.75126,3.79654,3.84176,3.8869,3.93192,3.9768,4.02151,4.06603,4.11032,4.15435,4.19811,4.24155,4.28465,4.32737,4.36969,4.41158,4.453,4.49393,4.53433,4.57417,4.61343,
1.95783,1.98866,2.01997,2.05175,2.08402,2.11675,2.14996,2.18365,2.2178,2.25241,2.28749,2.32303,2.35902,2.39545,2.43233,2.46965,2.5074,2.54557,2.58416,2.62316,2.66255,2.70233,2.74249,2.78302,2.8239,2.86513,2.90669,2.94857,2.99076,3.03323,3.07598,3.11898,3.16223,3.2057,3.24938,3.29325,3.33729,3.38147,3.42578,3.4702,3.5147,3.55927,3.60387,3.64849,3.69311,3.73768,3.7822,3.82664,3.87096,3.91514,3.95916,4.00299,4.04659,4.08995,4.13302,4.17579,4.21822,4.26028,4.30195,4.34318,4.38396,4.42426,4.46403,4.50326,4.5419,
1.92747,1.95783,1.98865,2.01994,2.05171,2.08394,2.11663,2.14979,2.18341,2.21749,2.25203,2.28701,2.32244,2.35832,2.39462,2.43136,2.46853,2.50611,2.5441,2.58249,2.62127,2.66043,2.69997,2.73987,2.78012,2.82071,2.86163,2.90286,2.94439,2.9862,3.02829,3.07063,3.11321,3.156,3.19901,3.24219,3.28555,3.32905,3.37267,3.4164,3.46021,3.50409,3.548,3.59193,3.63585,3.67974,3.72357,3.76731,3.81095,3.85445,3.89778,3.94093,3.98386,4.02654,4.06895,4.11105,4.15282,4.19423,4.23525,4.27585,4.316,4.35567,4.39482,4.43344,4.47149,
1.89759,1.92747,1.95782,1.98863,2.0199,2.05163,2.08382,2.11646,2.14956,2.18311,2.21711,2.25155,2.28644,2.32175,2.3575,2.39367,2.43026,2.46725,2.50465,2.54245,2.58063,2.61919,2.65811,2.69739,2.73702,2.77698,2.81726,2.85785,2.89874,2.93991,2.98134,3.02302,3.06494,3.10708,3.14941,3.19193,3.23461,3.27743,3.32038,3.36343,3.40657,3.44976,3.493,3.53624,3.57948,3.62269,3.66584,3.70891,3.75186,3.79469,3.83735,3.87983,3.92209,3.96411,4.00586,4.04732,4.08844,4.12921,4.16959,4.20956,4.24908,4.28814,4.32669,4.36471,4.40216,
1.86817,1.89759,1.92746,1.95779,1.98858,2.01982,2.05151,2.08365,2.11623,2.14927,2.18274,2.21665,2.25099,2.28576,2.32095,2.35656,2.39258,2.429,2.46582,2.50303,2.54062,2.57858,2.6169,2.65558,2.69459,2.73393,2.77359,2.81355,2.8538,2.89433,2.93512,2.97616,3.01742,3.05891,3.10058,3.14244,3.18446,3.22662,3.26891,3.31129,3.35376,3.39628,3.43884,3.48142,3.52399,3.56652,3.60901,3.6514,3.6937,3.73586,3.77786,3.81968,3.86129,3.90266,3.94376,3.98457,4.02505,4.06519,4.10495,4.1443,4.18321,4.22166,4.25961,4.29704,4.33391,
1.83921,1.86817,1.89758,1.92744,1.95775,1.9885,2.0197,2.05134,2.08343,2.11594,2.1489,2.18228,2.21609,2.25032,2.28497,2.32002,2.35549,2.39135,2.42759,2.46423,2.50123,2.5386,2.57633,2.6144,2.65281,2.69154,2.73059,2.76993,2.80956,2.84946,2.88961,2.93002,2.97064,3.01148,3.05251,3.09372,3.13509,3.1766,3.21823,3.25995,3.30176,3.34363,3.38553,3.42745,3.46935,3.51123,3.55305,3.5948,3.63643,3.67794,3.71929,3.76046,3.80142,3.84215,3.88262,3.92279,3.96265,4.00217,4.04131,4.08005,4.11835,4.15621,4.19357,4.23042,4.26672,
1.81069,1.83921,1.86816,1.89756,1.9274,1.95767,1.98839,2.01954,2.05112,2.08314,2.11558,2.14845,2.18173,2.21543,2.24954,2.28406,2.31897,2.35427,2.38996,2.42602,2.46246,2.49925,2.53639,2.57387,2.61168,2.64982,2.68825,2.72698,2.766,2.80528,2.84482,2.88459,2.92459,2.96479,3.00519,3.04576,3.08649,3.12735,3.16833,3.20941,3.25057,3.29179,3.33304,3.37431,3.41557,3.4568,3.49797,3.53906,3.58006,3.62092,3.66163,3.70216,3.74249,3.78259,3.82242,3.86198,3.90122,3.94012,3.97865,4.01679,4.05451,4.09177,4.12855,4.16483,4.20057,
1.78262,1.81069,1.8392,1.86814,1.89752,1.92732,1.95756,1.98823,2.01932,2.05084,2.08278,2.11514,2.14791,2.18108,2.21467,2.24864,2.28302,2.31777,2.35291,2.38841,2.42428,2.4605,2.49707,2.53397,2.57119,2.60873,2.64658,2.68471,2.72312,2.76179,2.80071,2.83987,2.87925,2.91883,2.9586,2.99854,3.03864,3.07887,3.11921,3.15966,3.20018,3.24075,3.28137,3.322,3.36261,3.4032,3.44374,3.4842,3.52455,3.56478,3.60486,3.64477,3.68447,3.72394,3.76316,3.8021,3.84073,3.87903,3.91697,3.95452,3.99165,4.02833,4.06455,4.10026,4.13545,
1.75498,1.78262,1.81068,1.83918,1.8681,1.89744,1.92721,1.95741,1.98802,2.01905,2.05049,2.08235,2.11461,2.14727,2.18033,2.21378,2.24762,2.28184,2.31643,2.35138,2.38669,2.42235,2.45835,2.49468,2.53133,2.56829,2.60554,2.64308,2.6809,2.71897,2.75729,2.79584,2.83461,2.87358,2.91273,2.95205,2.99153,3.03113,3.07085,3.11067,3.15056,3.19051,3.2305,3.27049,3.31048,3.35044,3.39035,3.43018,3.46991,3.50952,3.54897,3.58826,3.62735,3.66621,3.70482,3.74316,3.78119,3.81889,3.85624,3.89321,3.92976,3.96588,4.00153,4.03669,4.07134,
1.72777,1.75498,1.78261,1.81066,1.83913,1.86803,1.89733,1.92706,1.9572,1.98775,2.0187,2.05006,2.08182,2.11398,2.14653,2.17946,2.21277,2.24646,2.28051,2.31493,2.34969,2.3848,2.42024,2.45601,2.49209,2.52847,2.56515,2.60211,2.63934,2.67682,2.71454,2.7525,2.79066,2.82903,2.86757,2.90629,2.94515,2.98414,3.02325,3.06244,3.10172,3.14105,3.18041,3.21979,3.25916,3.2985,3.33779,3.377,3.41611,3.45511,3.49395,3.53263,3.57111,3.60937,3.64738,3.68512,3.72257,3.75969,3.79646,3.83285,3.86884,3.90439,3.93949,3.97411,4.00821,
1.70099,1.72777,1.75497,1.78259,1.81062,1.83906,1.86792,1.89718,1.92685,1.95693,1.9874,2.01828,2.04955,2.08121,2.11325,2.14567,2.17847,2.21163,2.24516,2.27904,2.31326,2.34783,2.38272,2.41793,2.45345,2.48927,2.52538,2.56177,2.59842,2.63532,2.67246,2.70982,2.7474,2.78517,2.82312,2.86123,2.89949,2.93788,2.97637,3.01497,3.05363,3.09235,3.1311,3.16987,3.20863,3.24736,3.28604,3.32464,3.36315,3.40154,3.43978,3.47786,3.51574,3.55341,3.59084,3.62799,3.66486,3.7014,3.7376,3.77343,3.80886,3.84386,3.87842,3.9125,3.94607,
1.67461,1.70099,1.72777,1.75495,1.78255,1.81055,1.83896,1.86777,1.89698,1.92659,1.95659,1.98699,2.01777,2.04894,2.08049,2.11241,2.14469,2.17734,2.21035,2.2437,2.2774,2.31143,2.34578,2.38044,2.41541,2.45068,2.48623,2.52205,2.55813,2.59446,2.63103,2.66781,2.7048,2.74199,2.77935,2.81687,2.85454,2.89233,2.93023,2.96822,3.00629,3.04441,3.08256,3.12073,3.15889,3.19702,3.23509,3.2731,3.31101,3.3488,3.38646,3.42394,3.46124,3.49832,3.53516,3.57175,3.60804,3.64401,3.67965,3.71492,3.74981,3.78427,3.81829,3.85184,3.8849,
1.64865,1.67461,1.70098,1.72775,1.75491,1.78248,1.81045,1.83881,1.86757,1.89672,1.92626,1.95618,1.98649,2.01717,2.04823,2.07966,2.11144,2.14359,2.17608,2.20892,2.24209,2.27559,2.30941,2.34354,2.37797,2.41269,2.44768,2.48295,2.51847,2.55424,2.59024,2.62645,2.66287,2.69948,2.73626,2.7732,2.81028,2.84749,2.8848,2.92221,2.95968,2.99721,3.03477,3.07235,3.10991,3.14745,3.18494,3.22236,3.25968,3.29689,3.33395,3.37086,3.40758,3.44408,3.48036,3.51637,3.5521,3.58752,3.6226,3.65733,3.69167,3.7256,3.75909,3.79212,3.82467,
1.62309,1.64865,1.67461,1.70096,1.72771,1.75485,1.78238,1.8103,1.83862,1.86731,1.89639,1.92586,1.95569,1.9859,2.01648,2.04741,2.07871,2.11036,2.14235,2.17467,2.20733,2.24031,2.27361,2.30721,2.3411,2.37528,2.40974,2.44446,2.47943,2.51464,2.55008,2.58573,2.62159,2.65763,2.69384,2.7302,2.76671,2.80334,2.84008,2.8769,2.9138,2.95074,2.98772,3.02471,3.0617,3.09865,3.13556,3.1724,3.20914,3.24577,3.28227,3.3186,3.35475,3.39069,3.4264,3.46185,3.49703,3.5319,3.56644,3.60063,3.63444,3.66784,3.70081,3.73333,3.76537,
1.59793,1.62309,1.64865,1.67459,1.70092,1.72764,1.75475,1.78224,1.81011,1.83836,1.86699,1.896,1.92537,1.95511,1.98521,2.01567,2.04648,2.07764,2.10913,2.14096,2.17311,2.20558,2.23836,2.27144,2.30481,2.33846,2.37238,2.40656,2.44099,2.47565,2.51054,2.54564,2.58094,2.61642,2.65207,2.68788,2.72382,2.75988,2.79605,2.8323,2.86862,2.905,2.9414,2.97782,3.01423,3.05061,3.08695,3.12322,3.15939,3.19545,3.23138,3.26715,3.30274,3.33812,3.37328,3.40818,3.44281,3.47714,3.51115,3.54481,3.57809,3.61097,3.64344,3.67545,3.70699,
1.57315,1.59793,1.62309,1.64863,1.67455,1.70086,1.72754,1.75461,1.78205,1.80986,1.83805,1.8666,1.89552,1.9248,1.95444,1.98442,2.01475,2.04543,2.07643,2.10777,2.13942,2.17139,2.20366,2.23622,2.26907,2.3022,2.3356,2.36925,2.40314,2.43727,2.47162,2.50618,2.54093,2.57586,2.61096,2.64621,2.68159,2.71709,2.7527,2.78839,2.82415,2.85996,2.8958,2.93165,2.9675,3.00332,3.03909,3.07479,3.11041,3.14591,3.18128,3.2165,3.25153,3.28637,3.32098,3.35535,3.38944,3.42324,3.45671,3.48985,3.52262,3.55499,3.58695,3.61847,3.64952,
1.54877,1.57315,1.59792,1.62307,1.64859,1.67449,1.70076,1.7274,1.75442,1.7818,1.80955,1.83766,1.86613,1.89496,1.92414,1.95366,1.98352,2.01372,2.04424,2.07509,2.10625,2.13772,2.16949,2.20155,2.23389,2.26651,2.29939,2.33252,2.36589,2.39949,2.4333,2.46732,2.50154,2.53593,2.57048,2.60518,2.64002,2.67497,2.71002,2.74516,2.78037,2.81562,2.85091,2.8862,2.92149,2.95676,2.99197,3.02712,3.06219,3.09714,3.13196,3.16663,3.20112,3.23542,3.26949,3.30333,3.33689,3.37016,3.40312,3.43574,3.468,3.49988,3.53134,3.56237,3.59294,
1.52475,1.54877,1.57315,1.5979,1.62303,1.64853,1.67439,1.70062,1.72722,1.75418,1.7815,1.80917,1.8372,1.86558,1.8943,1.92337,1.95277,1.9825,2.01255,2.04292,2.0736,2.10458,2.13586,2.16742,2.19926,2.23137,2.26374,2.29635,2.32921,2.36229,2.39558,2.42907,2.46275,2.49661,2.53063,2.56479,2.59909,2.6335,2.66801,2.7026,2.73726,2.77197,2.80671,2.84146,2.8762,2.91092,2.94559,2.98019,3.01471,3.04912,3.08341,3.11754,3.1515,3.18526,3.21881,3.25211,3.28516,3.31791,3.35036,3.38248,3.41424,3.44562,3.47659,3.50714,3.53724,
1.50111,1.52475,1.54876,1.57313,1.59787,1.62297,1.64843,1.67426,1.70044,1.72698,1.75388,1.78113,1.80872,1.83666,1.86494,1.89355,1.92249,1.95176,1.98135,2.01125,2.04145,2.07195,2.10274,2.13382,2.16517,2.19678,2.22864,2.26075,2.2931,2.32566,2.35844,2.39141,2.42457,2.4579,2.49139,2.52503,2.55879,2.59267,2.62664,2.6607,2.69482,2.72899,2.76319,2.7974,2.83161,2.86579,2.89992,2.93399,2.96797,3.00185,3.0356,3.0692,3.10264,3.13588,3.1689,3.20169,3.23422,3.26647,3.29842,3.33004,3.3613,3.3922,3.42269,3.45277,3.4824,
1.47784,1.50111,1.52475,1.54874,1.57309,1.59781,1.62288,1.6483,1.67408,1.70021,1.72669,1.75351,1.78068,1.80818,1.83602,1.86419,1.89269,1.9215,1.95063,1.98006,2.0098,2.03983,2.07014,2.10074,2.1316,2.16272,2.19409,2.2257,2.25755,2.28961,2.32187,2.35434,2.38698,2.4198,2.45277,2.48588,2.51912,2.55247,2.58592,2.61945,2.65304,2.68668,2.72035,2.75404,2.78771,2.82136,2.85496,2.8885,2.92196,2.95531,2.98854,3.02162,3.05453,3.08726,3.11977,3.15206,3.18408,3.21583,3.24728,3.27841,3.30919,3.33961,3.36963,3.39924,3.42841,
1.45493,1.47784,1.50111,1.52473,1.54871,1.57303,1.59772,1.62275,1.64812,1.67385,1.69992,1.72633,1.75307,1.78015,1.80756,1.83529,1.86334,1.89171,1.92039,1.94937,1.97864,2.0082,2.03805,2.06817,2.09855,2.12919,2.16008,2.1912,2.22255,2.25411,2.28588,2.31784,2.34998,2.38228,2.41474,2.44734,2.48007,2.5129,2.54583,2.57884,2.61191,2.64503,2.67818,2.71134,2.74449,2.77762,2.8107,2.84372,2.87666,2.90949,2.94221,2.97477,3.00718,3.0394,3.07141,3.10319,3.13472,3.16598,3.19694,3.22758,3.25789,3.28783,3.31739,3.34654,3.37526,
1.43237,1.45493,1.47784,1.50109,1.5247,1.54865,1.57295,1.59759,1.62257,1.6479,1.67356,1.69956,1.72589,1.75255,1.77953,1.80684,1.83446,1.86238,1.89061,1.91914,1.94796,1.97707,2.00645,2.0361,2.06602,2.09618,2.12659,2.15723,2.18809,2.21916,2.25044,2.2819,2.31354,2.34535,2.37731,2.4094,2.44162,2.47394,2.50636,2.53886,2.57142,2.60402,2.63666,2.6693,2.70194,2.73456,2.76713,2.79963,2.83206,2.86439,2.89659,2.92866,2.96056,2.99228,3.02379,3.05508,3.08612,3.11689,3.14737,3.17754,3.20738,3.23686,3.26596,3.29465,3.32293,
1.41017,1.43237,1.45492,1.47782,1.50106,1.52464,1.54856,1.57282,1.59742,1.62235,1.64762,1.67321,1.69914,1.72538,1.75195,1.77883,1.80602,1.83351,1.8613,1.88939,1.91776,1.94642,1.97535,2.00454,2.03399,2.06368,2.09362,2.12378,2.15417,2.18476,2.21555,2.24653,2.27768,2.30899,2.34045,2.37205,2.40376,2.43559,2.46751,2.4995,2.53155,2.56365,2.59578,2.62792,2.66005,2.69216,2.72423,2.75623,2.78816,2.81998,2.85169,2.88325,2.91466,2.94588,2.97691,3.00771,3.03827,3.06857,3.09858,3.12828,3.15765,3.18667,3.21532,3.24357,3.27141,
1.3883,1.41017,1.43237,1.45491,1.47779,1.501,1.52455,1.54844,1.57265,1.5972,1.62207,1.64727,1.67279,1.69863,1.72478,1.75125,1.77802,1.80508,1.83245,1.8601,1.88803,1.91624,1.94472,1.97346,2.00245,2.03169,2.06116,2.09086,2.12077,2.15089,2.1812,2.2117,2.24237,2.27319,2.30417,2.33527,2.3665,2.39783,2.42925,2.46075,2.49231,2.52391,2.55554,2.58718,2.61881,2.65042,2.68199,2.7135,2.74493,2.77626,2.80747,2.83855,2.86947,2.90021,2.93076,2.96108,2.99117,3.021,3.05054,3.07978,3.1087,3.13727,3.16547,3.19329,3.22069,
1.36678,1.3883,1.41016,1.43235,1.45488,1.47773,1.50092,1.52443,1.54827,1.57244,1.59693,1.62173,1.64686,1.6723,1.69804,1.7241,1.75045,1.7771,1.80404,1.83126,1.85876,1.88653,1.91457,1.94286,1.97141,2.00019,2.0292,2.05844,2.08789,2.11754,2.14738,2.17741,2.2076,2.23795,2.26844,2.29907,2.32981,2.36065,2.39159,2.4226,2.45367,2.48478,2.51592,2.54707,2.57821,2.60933,2.64041,2.67143,2.70237,2.73322,2.76395,2.79454,2.82498,2.85525,2.88532,2.91518,2.9448,2.97416,3.00325,3.03203,3.0605,3.08863,3.1164,3.14378,3.17076,
1.34559,1.36678,1.3883,1.41015,1.43232,1.45482,1.47765,1.5008,1.52427,1.54806,1.57217,1.59659,1.62133,1.64637,1.67172,1.69737,1.72331,1.74955,1.77607,1.80287,1.82994,1.85729,1.88489,1.91274,1.94084,1.96918,1.99774,2.02653,2.05552,2.08471,2.11409,2.14365,2.17338,2.20325,2.23327,2.26342,2.29369,2.32406,2.35451,2.38504,2.41563,2.44626,2.47691,2.50758,2.53824,2.56888,2.59948,2.63002,2.66048,2.69084,2.7211,2.75122,2.78119,2.81098,2.84059,2.86998,2.89914,2.92805,2.95669,2.98503,3.01305,3.04075,3.06808,3.09504,3.1216,
1.32473,1.34559,1.36678,1.38828,1.41011,1.43227,1.45474,1.47753,1.50064,1.52406,1.54779,1.57184,1.59619,1.62085,1.6458,1.67105,1.6966,1.72242,1.74853,1.77492,1.80157,1.82849,1.85567,1.88309,1.91075,1.93865,1.96677,1.99511,2.02365,2.05239,2.08132,2.11042,2.13968,2.1691,2.19865,2.22833,2.25813,2.28803,2.31801,2.34806,2.37818,2.40833,2.43851,2.4687,2.49889,2.52905,2.55918,2.58924,2.61923,2.64913,2.67891,2.70857,2.73807,2.7674,2.79655,2.82549,2.8542,2.88266,2.91085,2.93875,2.96634,2.9936,3.02052,3.04706,3.0732,
1.30419,1.32473,1.34559,1.36676,1.38825,1.41006,1.43218,1.45462,1.47737,1.50043,1.5238,1.54747,1.57144,1.59572,1.62029,1.64515,1.67029,1.69572,1.72143,1.7474,1.77364,1.80014,1.8269,1.8539,1.88113,1.9086,1.93628,1.96418,1.99228,2.02057,2.04905,2.0777,2.10651,2.13547,2.16456,2.19379,2.22312,2.25255,2.28207,2.31166,2.34131,2.37099,2.40071,2.43043,2.46015,2.48984,2.5195,2.5491,2.57862,2.60806,2.63738,2.66657,2.69562,2.7245,2.75319,2.78168,2.80995,2.83796,2.86572,2.89319,2.92035,2.94719,2.97369,2.99982,3.02556,
1.28397,1.30419,1.32472,1.34557,1.36673,1.3882,1.40998,1.43207,1.45447,1.47717,1.50017,1.52348,1.54708,1.57098,1.59517,1.61964,1.6444,1.66943,1.69474,1.72031,1.74615,1.77224,1.79857,1.82515,1.85197,1.87901,1.90626,1.93373,1.96139,1.98925,2.01728,2.04549,2.07385,2.10236,2.13101,2.15978,2.18865,2.21763,2.24669,2.27582,2.30501,2.33424,2.36349,2.39275,2.42201,2.45124,2.48044,2.50958,2.53865,2.56762,2.59649,2.62523,2.65383,2.68226,2.71051,2.73856,2.76638,2.79397,2.82129,2.84833,2.87508,2.9015,2.92758,2.95331,2.97865,
1.26407,1.28397,1.30419,1.32471,1.34554,1.36668,1.38812,1.40987,1.43192,1.45427,1.47692,1.49986,1.5231,1.54662,1.57044,1.59453,1.6189,1.64355,1.66846,1.69364,1.71907,1.74476,1.77069,1.79686,1.82325,1.84987,1.87671,1.90375,1.93098,1.95841,1.98601,2.01378,2.0417,2.06977,2.09797,2.12629,2.15472,2.18325,2.21186,2.24054,2.26927,2.29805,2.32685,2.35566,2.38446,2.41324,2.44198,2.47067,2.49929,2.52782,2.55624,2.58453,2.61269,2.64068,2.66849,2.6961,2.72349,2.75065,2.77755,2.80417,2.8305,2.85652,2.8822,2.90752,2.93247,
1.24447,1.26407,1.28397,1.30417,1.32468,1.34549,1.3666,1.38801,1.40972,1.43172,1.45402,1.47661,1.49948,1.52264,1.54609,1.56981,1.5938,1.61807,1.6426,1.66738,1.69242,1.71771,1.74324,1.769,1.79499,1.8212,1.84761,1.87423,1.90105,1.92805,1.95522,1.98256,2.01005,2.03768,2.06544,2.09333,2.12132,2.1494,2.17757,2.2058,2.23409,2.26242,2.29077,2.31913,2.34749,2.37583,2.40412,2.43237,2.46054,2.48863,2.51661,2.54446,2.57218,2.59974,2.62712,2.6543,2.68127,2.70801,2.73449,2.7607,2.78662,2.81223,2.83751,2.86244,2.88701,
1.22518,1.24447,1.26406,1.28395,1.30414,1.32463,1.34541,1.36649,1.38786,1.40952,1.43148,1.45371,1.47624,1.49904,1.52212,1.54547,1.5691,1.59298,1.61713,1.64153,1.66619,1.69108,1.71621,1.74157,1.76716,1.79296,1.81897,1.84518,1.87158,1.89815,1.92491,1.95182,1.97888,2.00609,2.03342,2.06087,2.08843,2.11608,2.14381,2.17161,2.19946,2.22734,2.25526,2.28318,2.3111,2.33899,2.36685,2.39466,2.4224,2.45004,2.47759,2.50502,2.5323,2.55943,2.58639,2.61315,2.6397,2.66602,2.69209,2.7179,2.74342,2.76863,2.79352,2.81807,2.84225,
1.20618,1.22518,1.24446,1.26405,1.28392,1.30409,1.32455,1.3453,1.36634,1.38767,1.40928,1.43118,1.45335,1.4758,1.49852,1.52151,1.54477,1.56829,1.59206,1.61608,1.64035,1.66486,1.68961,1.71457,1.73976,1.76516,1.79077,1.81657,1.84256,1.86873,1.89506,1.92156,1.9482,1.97499,2.0019,2.02892,2.05605,2.08327,2.11057,2.13794,2.16536,2.19281,2.22029,2.24778,2.27527,2.30273,2.33016,2.35753,2.38484,2.41206,2.43918,2.46618,2.49304,2.51975,2.54629,2.57264,2.59878,2.62469,2.65036,2.67576,2.70089,2.72571,2.75021,2.77438,2.79818,
1.18748,1.20618,1.22517,1.24445,1.26402,1.28388,1.30402,1.32445,1.34516,1.36616,1.38743,1.40899,1.43082,1.45292,1.47529,1.49792,1.52082,1.54397,1.56738,1.59103,1.61492,1.63905,1.66341,1.68799,1.71279,1.7378,1.76301,1.78841,1.81399,1.83976,1.86568,1.89177,1.918,1.94437,1.97086,1.99747,2.02418,2.05098,2.07785,2.10479,2.13179,2.15882,2.18587,2.21294,2.23999,2.26703,2.29403,2.32098,2.34787,2.37467,2.40136,2.42795,2.45439,2.48069,2.50681,2.53275,2.55849,2.584,2.60927,2.63428,2.65901,2.68345,2.70757,2.73136,2.7548,
1.16907,1.18748,1.20618,1.22516,1.24442,1.26397,1.2838,1.30391,1.32431,1.34498,1.36592,1.38714,1.40863,1.43039,1.45242,1.4747,1.49724,1.52004,1.54308,1.56636,1.58989,1.61364,1.63762,1.66182,1.68624,1.71086,1.73567,1.76068,1.78587,1.81123,1.83676,1.86244,1.88827,1.91422,1.94031,1.9665,1.9928,2.01918,2.04564,2.07216,2.09874,2.12535,2.15198,2.17863,2.20527,2.23189,2.25847,2.285,2.31147,2.33785,2.36414,2.3903,2.41634,2.44223,2.46795,2.49349,2.51882,2.54394,2.56882,2.59344,2.61779,2.64185,2.6656,2.68902,2.71209,
1.15095,1.16907,1.18748,1.20616,1.22513,1.24437,1.2639,1.2837,1.30378,1.32413,1.34475,1.36564,1.3868,1.40822,1.4299,1.45184,1.47403,1.49647,1.51915,1.54208,1.56524,1.58862,1.61223,1.63606,1.66009,1.68433,1.70877,1.73339,1.75818,1.78315,1.80828,1.83357,1.85899,1.88455,1.91023,1.93601,1.9619,1.98788,2.01393,2.04004,2.0662,2.0924,2.11862,2.14485,2.17108,2.19728,2.22346,2.24958,2.27563,2.30161,2.32748,2.35325,2.37888,2.40437,2.42969,2.45483,2.47977,2.5045,2.52899,2.55323,2.5772,2.60089,2.62427,2.64733,2.67005,
1.1331,1.15095,1.16907,1.18746,1.20614,1.22508,1.2443,1.2638,1.28356,1.3036,1.3239,1.34447,1.3653,1.38639,1.40773,1.42933,1.45118,1.47327,1.4956,1.51817,1.54097,1.564,1.58724,1.6107,1.63436,1.65822,1.68227,1.70651,1.73093,1.75551,1.78025,1.80514,1.83017,1.85533,1.88061,1.906,1.93149,1.95706,1.9827,2.00841,2.03417,2.05996,2.08578,2.1116,2.13742,2.16322,2.18898,2.2147,2.24035,2.26592,2.2914,2.31676,2.342,2.36709,2.39202,2.41677,2.44133,2.46567,2.48978,2.51365,2.53725,2.56057,2.58359,2.60629,2.62865,
1.11554,1.1331,1.15094,1.16905,1.18744,1.20609,1.22501,1.2442,1.26366,1.28339,1.30337,1.32362,1.34413,1.36489,1.38591,1.40717,1.42868,1.45043,1.47242,1.49463,1.51708,1.53975,1.56263,1.58572,1.60902,1.63251,1.65619,1.68006,1.70409,1.72829,1.75265,1.77715,1.8018,1.82657,1.85146,1.87645,1.90154,1.92672,1.95197,1.97727,2.00263,2.02802,2.05344,2.07886,2.10428,2.12968,2.15505,2.18037,2.20562,2.2308,2.25588,2.28085,2.30569,2.33039,2.35494,2.3793,2.40348,2.42744,2.45118,2.47468,2.49791,2.52087,2.54353,2.56588,2.5879,
1.09824,1.11554,1.1331,1.15093,1.16903,1.18739,1.20602,1.22492,1.24407,1.26349,1.28317,1.3031,1.32329,1.34373,1.36442,1.38535,1.40653,1.42794,1.44959,1.47146,1.49356,1.51588,1.53841,1.56114,1.58407,1.6072,1.63052,1.65401,1.67767,1.7015,1.72548,1.7496,1.77386,1.79825,1.82275,1.84736,1.87206,1.89685,1.9217,1.94662,1.97158,1.99658,2.0216,2.04663,2.07166,2.09667,2.12164,2.14656,2.17143,2.19621,2.2209,2.24549,2.26995,2.29426,2.31843,2.34242,2.36622,2.38981,2.41318,2.43631,2.45919,2.48179,2.5041,2.5261,2.54778,
1.08121,1.09824,1.11553,1.13309,1.1509,1.16898,1.18732,1.20592,1.22478,1.2439,1.26327,1.2829,1.30278,1.3229,1.34327,1.36388,1.38472,1.4058,1.42712,1.44865,1.47041,1.49238,1.51455,1.53694,1.55952,1.58229,1.60524,1.62837,1.65166,1.67512,1.69873,1.72248,1.74636,1.77037,1.79449,1.81872,1.84304,1.86744,1.89191,1.91644,1.94102,1.96563,1.99026,2.01491,2.03954,2.06416,2.08875,2.11328,2.13776,2.16216,2.18647,2.21067,2.23475,2.2587,2.28248,2.3061,2.32953,2.35276,2.37577,2.39854,2.42106,2.44331,2.46528,2.48694,2.50828,
1.06445,1.08121,1.09824,1.11552,1.13306,1.15086,1.16892,1.18723,1.2058,1.22462,1.24369,1.26301,1.28258,1.30239,1.32244,1.34273,1.36326,1.38401,1.40499,1.42619,1.44761,1.46924,1.49107,1.51311,1.53534,1.55776,1.58035,1.60312,1.62606,1.64915,1.67239,1.69577,1.71929,1.74292,1.76667,1.79052,1.81447,1.83849,1.86258,1.88673,1.91093,1.93516,1.95941,1.98367,2.00792,2.03216,2.05636,2.08052,2.10462,2.12864,2.15257,2.1764,2.20011,2.22368,2.2471,2.27035,2.29342,2.31628,2.33894,2.36136,2.38353,2.40543,2.42705,2.44838,2.46939,
1.04795,1.06445,1.08121,1.09822,1.11549,1.13302,1.15079,1.16882,1.1871,1.20563,1.22441,1.24343,1.26269,1.2822,1.30194,1.32191,1.34212,1.36255,1.38321,1.40408,1.42517,1.44646,1.46796,1.48965,1.51154,1.5336,1.55585,1.57827,1.60085,1.62358,1.64646,1.66948,1.69263,1.7159,1.73928,1.76276,1.78634,1.80999,1.8337,1.85748,1.8813,1.90516,1.92903,1.95291,1.97679,2.00065,2.02448,2.04827,2.07199,2.09564,2.1192,2.14266,2.166,2.18921,2.21226,2.23515,2.25786,2.28038,2.30268,2.32475,2.34657,2.36814,2.38943,2.41042,2.43111,
1.0317,1.04795,1.06445,1.0812,1.0982,1.11545,1.13295,1.1507,1.1687,1.18694,1.20543,1.22415,1.24312,1.26232,1.28175,1.30142,1.32131,1.34143,1.36176,1.38231,1.40307,1.42404,1.4452,1.46656,1.4881,1.50983,1.53173,1.5538,1.57603,1.59841,1.62094,1.6436,1.66639,1.6893,1.71232,1.73544,1.75864,1.78193,1.80528,1.82868,1.85214,1.87562,1.89913,1.92264,1.94615,1.96964,1.9931,2.01651,2.03987,2.06315,2.08635,2.10944,2.13242,2.15527,2.17796,2.2005,2.22286,2.24502,2.26698,2.28871,2.31019,2.33143,2.35238,2.37305,2.39341,
1.01571,1.0317,1.04795,1.06444,1.08117,1.09816,1.11539,1.13286,1.15058,1.16854,1.18674,1.20517,1.22384,1.24275,1.26188,1.28124,1.30083,1.32063,1.34065,1.36088,1.38132,1.40196,1.42279,1.44382,1.46503,1.48642,1.50798,1.52971,1.5516,1.57363,1.59581,1.61812,1.64056,1.66311,1.68577,1.70853,1.73138,1.7543,1.77729,1.80033,1.82342,1.84654,1.86968,1.89283,1.91598,1.9391,1.9622,1.98525,2.00825,2.03117,2.054,2.07674,2.09936,2.12185,2.1442,2.16639,2.1884,2.21022,2.23183,2.25322,2.27438,2.29528,2.31591,2.33626,2.35631,
0.99996,1.01571,1.0317,1.04793,1.06441,1.08113,1.0981,1.1153,1.13274,1.15042,1.16834,1.18649,1.20487,1.22348,1.24232,1.26138,1.28066,1.30016,1.31987,1.33978,1.3599,1.38022,1.40074,1.42144,1.44232,1.46338,1.4846,1.506,1.52754,1.54924,1.57107,1.59304,1.61512,1.63733,1.65964,1.68204,1.70454,1.7271,1.74974,1.77242,1.79515,1.81792,1.8407,1.86349,1.88627,1.90904,1.93178,1.95447,1.97711,1.99968,2.02216,2.04454,2.06682,2.08896,2.11096,2.1328,2.15447,2.17595,2.19723,2.21829,2.23912,2.2597,2.28001,2.30004,2.31978,
