2.68308,2.72586,2.76928,2.81333,2.85801,2.90331,2.94924,2.9958,3.04299,3.0908,3.13923,3.18828,3.23794,3.28823,3.33913,3.39064,3.44276,3.49549,3.54882,3.60275,3.65728,3.7124,3.7681,3.82438,3.88123,3.93863,3.99658,4.05507,4.11407,4.17357,4.23356,4.294,4.35488,4.41619,4.47788,4.53993,4.60233,4.66503,4.72799,4.79119,4.85459,4.91812,4.98177,5.04546,5.10915,5.1728,5.23634,5.29973,5.36291,5.42583,5.48845,5.55072,5.61258,5.674,5.73492,5.79531,5.85513,5.91432,5.97286,6.03069,6.08778,6.14409,6.19957,6.25419,6.3079,
2.64095,2.68308,2.72582,2.76918,2.81316,2.85776,2.90298,2.94881,2.99526,3.04232,3.09,3.13828,3.18717,3.23667,3.28677,3.33748,3.38878,3.44069,3.49318,3.54627,3.59995,3.6542,3.70904,3.76444,3.8204,3.87692,3.93397,3.99156,4.04965,4.10823,4.1673,4.22681,4.28677,4.34713,4.40789,4.469,4.53045,4.5922,4.65421,4.71646,4.7789,4.84149,4.90418,4.96692,5.02966,5.09236,5.15495,5.21739,5.27962,5.3416,5.40328,5.4646,5.52553,5.58602,5.64602,5.70549,5.76439,5.82268,5.88031,5.93726,5.99347,6.04891,6.10354,6.15731,6.21019,
2.59951,2.64099,2.68306,2.72575,2.76905,2.81295,2.85746,2.90258,2.9483,2.99462,3.04155,3.08907,3.13719,3.18591,3.23522,3.28513,3.33562,3.3867,3.43837,3.49062,3.54345,3.59685,3.65082,3.70536,3.76044,3.81608,3.87224,3.92893,3.98613,4.04381,4.10196,4.16057,4.2196,4.27904,4.33887,4.39906,4.45958,4.5204,4.58149,4.64282,4.70433,4.766,4.82777,4.88959,4.95141,5.01319,5.07486,5.13638,5.1977,5.25876,5.31951,5.37992,5.43993,5.49951,5.5586,5.61716,5.67517,5.73256,5.78932,5.84539,5.90074,5.95532,6.00911,6.06205,6.1141,
2.55875,2.59958,2.64101,2.68303,2.72565,2.76887,2.81268,2.85709,2.90209,2.94768,2.99386,3.04064,3.088,3.13594,3.18447,3.23358,3.28326,3.33353,3.38437,3.43579,3.48777,3.54033,3.59344,3.64711,3.70133,3.75609,3.81138,3.86718,3.92349,3.98028,4.03753,4.09524,4.15337,4.2119,4.27082,4.3301,4.38971,4.44962,4.50981,4.57023,4.63085,4.69162,4.7525,4.81344,4.87438,4.93526,4.99605,5.05668,5.11711,5.17728,5.23714,5.29665,5.35577,5.41445,5.47265,5.53032,5.58744,5.64396,5.69984,5.75505,5.80955,5.86329,5.91624,5.96836,6.01961,
2.51866,2.55886,2.59964,2.64101,2.68296,2.7255,2.76862,2.81233,2.85662,2.90149,2.94694,2.99297,3.03957,3.08675,3.13449,3.18281,3.2317,3.28116,3.33118,3.38176,3.43291,3.48462,3.53688,3.58969,3.64304,3.69694,3.75135,3.80629,3.86171,3.91762,3.974,4.03081,4.08805,4.14569,4.20371,4.26209,4.32081,4.37983,4.43914,4.49869,4.55844,4.61835,4.67837,4.73845,4.79854,4.85858,4.91851,4.97828,5.03785,5.09715,5.15614,5.21478,5.27302,5.33082,5.38814,5.44495,5.50119,5.55685,5.61187,5.66623,5.71988,5.77279,5.82492,5.87623,5.92669,
2.47923,2.5188,2.55895,2.59967,2.64097,2.68284,2.72528,2.7683,2.81189,2.85604,2.90077,2.94605,2.99191,3.03832,3.0853,3.13283,3.18092,3.22957,3.27877,3.32853,3.37884,3.4297,3.48112,3.53307,3.58557,3.6386,3.69216,3.74623,3.80079,3.85583,3.91133,3.96727,4.02363,4.08038,4.13752,4.19501,4.25285,4.31101,4.36945,4.42815,4.48706,4.54615,4.60535,4.66461,4.72388,4.7831,4.84222,4.90117,4.9599,5.01836,5.0765,5.13429,5.19167,5.24861,5.30507,5.36101,5.4164,5.4712,5.52537,5.57889,5.63171,5.6838,5.73512,5.78564,5.83532,
2.44045,2.47941,2.51893,2.55901,2.59966,2.64087,2.68265,2.72498,2.76787,2.81132,2.85533,2.89989,2.945,2.99066,3.03686,3.08362,3.13092,3.17876,3.22715,3.27608,3.32556,3.37558,3.42614,3.47725,3.52889,3.58107,3.63378,3.68699,3.7407,3.79488,3.84952,3.9046,3.96008,4.01596,4.07222,4.12885,4.18582,4.24312,4.30072,4.3586,4.4167,4.47499,4.53341,4.5919,4.65039,4.70884,4.76717,4.82532,4.88325,4.9409,4.99822,5.05518,5.11172,5.16781,5.22342,5.27851,5.33305,5.387,5.44034,5.49302,5.54502,5.5963,5.64683,5.69656,5.74546,
2.40231,2.44066,2.47957,2.51902,2.55903,2.5996,2.64071,2.68237,2.72458,2.76733,2.81063,2.85446,2.89884,2.94375,2.98919,3.03517,3.08167,3.12872,3.17629,3.2244,3.27304,3.32222,3.37194,3.42219,3.47299,3.52432,3.57618,3.62855,3.68142,3.73476,3.78856,3.84278,3.89741,3.95242,4.00781,4.06356,4.11967,4.17613,4.23291,4.28999,4.34732,4.40486,4.46253,4.52029,4.57805,4.63576,4.69335,4.75075,4.80791,4.86477,4.92129,4.97743,5.03314,5.0884,5.14317,5.19742,5.25112,5.30424,5.35674,5.4086,5.45979,5.51027,5.56001,5.60897,5.65711,
2.36481,2.40256,2.44086,2.4797,2.51908,2.559,2.59946,2.64046,2.68199,2.72406,2.76665,2.80977,2.85341,2.89758,2.94226,2.98747,3.03319,3.07943,3.12619,3.17347,3.22128,3.26961,3.31848,3.36789,3.41784,3.46833,3.51935,3.57089,3.62294,3.67546,3.72843,3.78181,3.83558,3.88973,3.94425,3.99913,4.05438,4.11001,4.16599,4.22229,4.27888,4.33571,4.39269,4.44977,4.50685,4.56387,4.62076,4.67744,4.73386,4.78996,4.8457,4.90104,4.95594,5.01038,5.06431,5.11773,5.17059,5.22288,5.27456,5.32561,5.37599,5.42568,5.47464,5.52283,5.57023,
2.32794,2.3651,2.4028,2.44103,2.4798,2.51909,2.5589,2.59924,2.64011,2.68149,2.72339,2.7658,2.80872,2.85215,2.89608,2.94052,2.98545,3.03089,3.07684,3.12329,3.17026,3.21775,3.26576,3.31432,3.36341,3.41306,3.46325,3.51398,3.56522,3.61695,3.66911,3.72168,3.77461,3.82789,3.88152,3.93552,3.98991,4.04469,4.09988,4.15545,4.21134,4.26751,4.32386,4.38031,4.43678,4.49317,4.5494,4.60541,4.66112,4.71648,4.77146,4.82601,4.88011,4.93373,4.98684,5.03943,5.09146,5.14292,5.19378,5.24402,5.2936,5.34251,5.39069,5.43813,5.48479,
2.29168,2.32827,2.36538,2.40302,2.44117,2.47983,2.51902,2.55871,2.59892,2.63963,2.68084,2.72255,2.76476,2.80746,2.85064,2.89431,2.93846,2.9831,3.02823,3.07385,3.11997,3.1666,3.21376,3.26145,3.30969,3.35849,3.40786,3.45779,3.50826,3.55922,3.61062,3.66239,3.71448,3.76688,3.81961,3.87269,3.92619,3.98013,4.03454,4.0894,4.14465,4.20021,4.256,4.31191,4.36782,4.42365,4.47928,4.53466,4.58969,4.64435,4.69858,4.75236,4.80565,4.85845,4.91074,4.96249,5.0137,5.06433,5.11438,5.16381,5.2126,5.26072,5.30815,5.35484,5.40078,
2.25604,2.29207,2.3286,2.36564,2.40319,2.44124,2.4798,2.51886,2.55842,2.59847,2.63901,2.68003,2.72152,2.7635,2.80594,2.84885,2.89222,2.93606,2.98037,3.02515,3.07041,3.11617,3.16245,3.20926,3.25663,3.30458,3.35313,3.40228,3.45202,3.50227,3.55295,3.60396,3.65523,3.70673,3.7585,3.81061,3.86316,3.91623,3.96987,4.02406,4.07873,4.13378,4.18909,4.24454,4.29999,4.35533,4.41043,4.46522,4.51961,4.57358,4.62707,4.68007,4.73257,4.78455,4.836,4.88692,4.93729,4.9871,5.03633,5.08495,5.13296,5.18031,5.22698,5.27294,5.31815,
2.22101,2.25647,2.29244,2.3289,2.36585,2.40331,2.44125,2.47969,2.51861,2.558,2.59787,2.63821,2.67901,2.72027,2.76198,2.80413,2.84672,2.88976,2.93324,2.97717,3.02156,3.06644,3.11182,3.15772,3.2042,3.25127,3.299,3.34739,3.39645,3.44608,3.49613,3.54645,3.59691,3.64748,3.6982,3.74923,3.80073,3.85289,3.90576,3.95933,4.0135,4.06814,4.1231,4.1782,4.2333,4.28823,4.34287,4.39712,4.45091,4.5042,4.55696,4.60918,4.66086,4.71201,4.76262,4.81269,4.86222,4.9112,4.95961,5.00743,5.05464,5.10122,5.14715,5.19238,5.23689,
2.18658,2.22149,2.25689,2.29278,2.32916,2.36602,2.40336,2.44118,2.47947,2.51823,2.55744,2.59711,2.63722,2.67777,2.71875,2.76015,2.80197,2.84421,2.88685,2.92993,2.97343,3.0174,3.06185,3.10682,3.15235,3.19851,3.24537,3.29302,3.34147,3.39063,3.44022,3.48995,3.53963,3.5892,3.63873,3.68848,3.73877,3.78992,3.84204,3.89508,3.94887,4.00323,4.05798,4.11289,4.16777,4.22241,4.27667,4.33044,4.38365,4.43626,4.48827,4.53969,4.59054,4.64084,4.69058,4.7398,4.78847,4.83661,4.88419,4.93121,4.97763,5.02345,5.06863,5.11314,5.15696,
2.15274,2.18711,2.22196,2.25729,2.29309,2.32937,2.36612,2.40334,2.44101,2.47914,2.51771,2.55672,2.59616,2.63601,2.67628,2.71694,2.75798,2.79941,2.84123,2.88342,2.92602,2.96905,3.01253,3.05652,3.10105,3.14621,3.19213,3.239,3.28695,3.3359,3.3853,3.43465,3.4836,3.53206,3.58016,3.62829,3.67703,3.72706,3.77848,3.83112,3.8847,3.93898,3.9937,4.04861,4.10344,4.15794,4.21192,4.26525,4.31789,4.36981,4.42105,4.47164,4.52162,4.57102,4.61988,4.66821,4.71601,4.7633,4.81005,4.85625,4.90189,4.94695,4.99139,5.03519,5.07832,
2.11949,2.15332,2.18763,2.2224,2.25765,2.29336,2.32953,2.36615,2.40322,2.44073,2.47868,2.51704,2.55582,2.59499,2.63455,2.67448,2.71477,2.7554,2.79637,2.83768,2.87934,2.9214,2.96388,3.00683,3.05028,3.0943,3.13909,3.18504,3.23255,3.28186,3.33156,3.38085,3.42918,3.47639,3.52266,3.56858,3.61509,3.66387,3.71475,3.76724,3.82087,3.87529,3.93024,3.9854,4.04042,4.09495,4.14875,4.20169,4.25373,4.30493,4.35534,4.40503,4.45409,4.50256,4.55049,4.5979,4.64482,4.69123,4.73714,4.78254,4.82739,4.87169,4.9154,4.9585,5.00095,
2.08681,2.12012,2.15389,2.18813,2.22282,2.25797,2.29357,2.32962,2.3661,2.40301,2.44034,2.47808,2.51621,2.55472,2.59359,2.6328,2.67234,2.71218,2.75231,2.79272,2.83342,2.87445,2.91589,2.95777,3.00008,3.04276,3.08603,3.13062,3.1775,3.22853,3.27935,3.3291,3.37698,3.42275,3.46658,3.50934,3.55192,3.59965,3.65044,3.70326,3.75727,3.81208,3.86754,3.92331,3.97884,4.03362,4.08735,4.13991,4.19132,4.2417,4.29118,4.3399,4.38795,4.43542,4.48238,4.52885,4.57484,4.62038,4.66544,4.71002,4.75409,4.79763,4.84062,4.88302,4.9248,
2.0547,2.0875,2.12075,2.15445,2.1886,2.22321,2.25825,2.29373,2.32964,2.36596,2.40269,2.43982,2.47733,2.51519,2.5534,2.59192,2.63073,2.6698,2.7091,2.74859,2.78829,2.82824,2.86857,2.90941,2.95064,2.99172,3.03278,3.07502,3.11939,3.17653,3.22928,3.28032,3.32798,3.37211,3.41265,3.45132,3.48464,3.5334,3.58511,3.63909,3.69386,3.74918,3.80551,3.86241,3.91893,3.97428,4.02804,4.08017,4.13082,4.18023,4.22864,4.27624,4.32319,4.36959,4.41551,4.46099,4.50605,4.55069,4.5949,4.63866,4.68195,4.72474,4.767,4.80872,4.84984,
2.02316,2.05544,2.08818,2.12136,2.15499,2.18905,2.22355,2.25848,2.29383,2.32958,2.36574,2.40227,2.43917,2.47642,2.51399,2.55185,2.58997,2.6283,2.66679,2.70537,2.744,2.78274,2.82185,2.86177,2.90244,2.9418,2.97943,3.01839,3.04958,3.12998,3.18202,3.23598,3.28355,3.32613,3.36163,3.39969,3.40294,3.4652,3.51852,3.57511,3.6309,3.68625,3.74386,3.80282,3.86113,3.91742,3.97125,4.02278,4.07241,4.1206,4.16772,4.21404,4.25976,4.305,4.34983,4.39429,4.43839,4.48212,4.52547,4.56841,4.61092,4.65297,4.69452,4.73556,4.77603,
1.99217,2.02395,2.05618,2.08885,2.12196,2.1555,2.18947,2.22386,2.25866,2.29387,2.32946,2.36543,2.40175,2.4384,2.47537,2.5126,2.55008,2.58773,2.62547,2.66317,2.7007,2.73798,2.77541,2.81445,2.85663,2.8947,2.92585,2.97058,2.93165,3.11287,3.13389,3.19907,3.24514,3.28827,3.30909,3.38389,3.26323,3.40696,3.44966,3.51292,3.56932,3.62202,3.68178,3.74481,3.80626,3.86393,3.91764,3.96814,4.0163,4.06288,4.10841,4.15324,4.19759,4.24158,4.28526,4.32867,4.37179,4.4146,4.45709,4.49922,4.54096,4.58228,4.62313,4.6635,4.70334,
1.96172,1.99301,2.02474,2.05691,2.08951,2.12254,2.15599,2.18986,2.22414,2.25881,2.29386,2.32928,2.36505,2.40114,2.43753,2.47419,2.51108,2.54814,2.58526,2.62224,2.65871,2.69412,2.72843,2.76507,2.816,2.85559,2.85973,3.00749,0.059721,0.0320491,0.0319891,0.0326451,0.0331168,0.0335551,0.0337784,0.0348553,0.0674984,3.45072,3.3612,3.45856,3.51238,3.55168,3.61736,3.6893,3.75608,3.81525,3.86812,3.91668,3.96261,4.00702,4.05059,4.0937,4.13654,4.1792,4.2217,4.26403,4.30617,4.34808,4.38972,4.43105,4.47203,4.51263,4.55279,4.5925,4.63171,
1.9318,1.96261,1.99385,2.02553,2.05764,2.09017,2.12311,2.15648,2.19024,2.2244,2.25893,2.29382,2.32906,2.36462,2.40047,2.4366,2.47296,2.50953,2.54624,2.58287,2.61883,2.65243,2.68019,2.70244,2.78775,2.85299,0.0574452,0.0306616,0.000907278,0.000332865,0.000326584,0.000333131,0.000337958,0.000342414,0.000344867,0.000362348,0.00103081,0.0352059,0.0684647,3.44869,3.4709,3.45587,3.5476,3.63982,3.71438,3.77377,3.82374,3.86869,3.91125,3.9528,3.99402,4.03519,4.07642,4.11771,4.15901,4.20028,4.24146,4.28248,4.32329,4.36384,4.40408,4.44397,4.48346,4.52252,4.56112,
1.90241,1.93274,1.9635,1.9947,2.02632,2.05836,2.09082,2.12369,2.15696,2.19062,2.22465,2.25904,2.29378,2.32883,2.36418,2.3998,2.43568,2.47183,2.50833,2.54523,2.58235,2.6176,2.63848,2.57781,2.78061,0.0563558,0.00114139,0.000318187,1.22911e-05,3.48527e-06,3.33503e-06,3.39949e-06,3.44887e-06,3.49421e-06,3.52197e-06,3.79918e-06,1.40083e-05,0.000366042,0.00138042,0.0691869,3.46758,3.25421,3.47825,3.60891,3.6887,3.74255,3.78523,3.82393,3.8617,3.89971,3.93826,3.97739,4.01698,4.05691,4.09706,4.13731,4.17756,4.21773,4.25775,4.29754,4.33707,4.37627,4.41511,4.45354,4.49152,
1.87352,1.90339,1.93368,1.9644,1.99555,2.02711,2.0591,2.09149,2.12428,2.15746,2.19101,2.22493,2.25919,2.29376,2.32862,2.36375,2.39913,2.43482,2.47103,2.50839,2.54874,2.59819,2.67934,0.053122,0.0283513,0.00084741,1.99252e-05,3.38307e-06,1.57129e-07,3.67686e-08,3.40684e-08,3.46911e-08,3.51958e-08,3.56575e-08,3.59814e-08,4.01516e-08,1.79564e-07,3.90573e-06,2.43079e-05,0.00104605,0.0353761,0.0682798,3.50316,3.62971,3.68983,3.72334,3.75152,3.78089,3.81273,3.84683,3.8827,3.91986,3.95793,3.99662,4.0357,4.075,4.11439,4.15377,4.19303,4.23211,4.27095,4.30949,4.34769,4.3855,4.42289,
1.84513,1.87454,1.90437,1.93463,1.96531,1.99641,2.02793,2.05985,2.09218,2.1249,2.158,2.19147,2.22528,2.2594,2.29381,2.32845,2.36328,2.39829,2.43359,2.46957,2.50705,2.54808,2.61628,0.0267073,0.000550858,1.39888e-05,3.39574e-07,3.72502e-08,1.94793e-09,3.90689e-10,3.48166e-10,3.54021e-10,3.59173e-10,3.63881e-10,3.67766e-10,4.27568e-10,2.23293e-09,4.32739e-08,4.18915e-07,1.75325e-05,0.000706428,0.0352311,3.45302,3.71782,3.7184,3.7103,3.71743,3.73619,3.76228,3.79296,3.8266,3.86215,3.89897,3.93662,3.97479,4.01327,4.05189,4.09054,4.1291,4.16751,4.2057,4.24361,4.28119,4.3184,4.3552,
1.81723,1.84618,1.87556,1.90536,1.93559,1.96624,1.9973,2.02878,2.06066,2.09293,2.1256,2.15863,2.19202,2.22574,2.25974,2.29394,2.32824,2.36246,2.39645,2.43026,2.4628,2.47178,0.0508984,0.000776368,1.32781e-05,2.72789e-07,6.12917e-09,4.34088e-10,2.3865e-11,4.18159e-12,3.55997e-12,3.61283e-12,3.66537e-12,3.71346e-12,3.76107e-12,4.58865e-12,2.74857e-11,5.10713e-10,7.76332e-09,3.56748e-07,1.81265e-05,0.00110542,0.0752663,4.07098,3.75648,3.68284,3.67252,3.68493,3.70799,3.7369,3.76931,3.8039,3.8399,3.87679,3.91425,3.95204,3.99,4.02799,4.06592,4.10371,4.14128,4.17858,4.21556,4.25219,4.28843,
1.7898,1.81831,1.84724,1.8766,1.90638,1.93658,1.9672,1.99823,2.02968,2.06153,2.09377,2.1264,2.15941,2.19276,2.22643,2.26032,2.29425,2.32783,2.36048,2.39317,2.44309,0.0493915,0.00100551,1.78479e-05,3.11611e-07,5.84871e-09,1.19881e-10,5.54367e-12,2.94577e-13,4.51309e-14,3.64234e-14,3.68703e-14,3.74052e-14,3.78974e-14,3.84906e-14,4.97001e-14,3.42324e-13,6.69216e-12,1.58024e-10,8.02547e-09,4.45107e-07,2.63308e-05,0.00152312,0.0766372,3.5545,3.59285,3.60567,3.6238,3.64861,3.67809,3.71056,3.74496,3.78061,3.81707,3.85403,3.89129,3.9287,3.96612,4.00348,4.04068,4.07767,4.1144,4.15081,4.18687,4.22254,
1.76283,1.79089,1.81939,1.84831,1.87765,1.90742,1.9376,1.96821,1.99923,2.03066,2.0625,2.09474,2.12739,2.16042,2.19384,2.22761,2.26157,2.29509,2.32543,2.33982,2.27658,0.0232692,0.000242868,2.60866e-06,2.92213e-08,3.50933e-10,4.71151e-12,1.02625e-13,3.97771e-15,4.94873e-16,3.72984e-16,3.76289e-16,3.81722e-16,3.86773e-16,3.94304e-16,5.48939e-16,4.79294e-15,1.36324e-13,6.93052e-12,5.34535e-10,4.53924e-08,4.09127e-06,0.000382563,0.0367145,3.59336,3.52918,3.53429,3.55674,3.58532,3.61701,3.6506,3.68547,3.7212,3.7575,3.79417,3.83103,3.86798,3.90492,3.94175,3.97842,4.01487,4.05105,4.08691,4.12242,4.15754,
1.7363,1.76393,1.79199,1.82048,1.8494,1.87874,1.9085,1.93868,1.96928,2.00031,2.03175,2.06362,2.09591,2.12864,2.16186,2.19564,2.23026,2.26649,2.30727,2.36503,0.0466618,0.000701885,9.47473e-06,1.21124e-07,1.50656e-09,1.86086e-11,2.33574e-13,3.36648e-15,7.35444e-17,5.72346e-18,3.82588e-18,3.84049e-18,3.89549e-18,3.94757e-18,4.04799e-18,6.50571e-18,9.74529e-17,4.93933e-15,3.56963e-13,2.87113e-11,2.33168e-09,1.87323e-07,1.45991e-05,0.00107341,0.0702563,3.39701,3.44633,3.48429,3.51967,3.55473,3.59008,3.62581,3.66189,3.69823,3.73473,3.77131,3.80789,3.8444,3.88076,3.91694,3.95287,3.98853,4.02386,4.05883,4.09341,
1.7102,1.73741,1.76505,1.79311,1.8216,1.85052,1.87986,1.90963,1.93982,1.97044,2.00149,2.03297,2.0649,2.0973,2.13022,2.16378,2.19826,2.23427,2.27305,2.31608,0.0238617,0.000248028,2.59946e-06,2.74555e-08,2.92174e-10,3.13395e-12,3.39428e-14,3.75841e-16,4.52264e-18,1.03149e-19,3.96893e-20,3.92034e-20,3.9754e-20,4.02994e-20,4.22007e-20,1.30932e-19,6.50377e-18,5.48812e-16,4.95477e-14,4.55942e-12,4.23484e-10,3.96507e-08,3.74195e-06,0.000356095,0.0341933,3.3155,3.37049,3.41515,3.45506,3.49289,3.52985,3.56647,3.60298,3.63943,3.67585,3.71221,3.74847,3.78459,3.82052,3.85623,3.89168,3.92683,3.96164,3.99609,4.03014,
1.68451,1.71131,1.73853,1.76617,1.79425,1.82275,1.85168,1.88104,1.91083,1.94104,1.9717,2.00279,2.03433,2.06634,2.09885,2.13192,2.16565,2.20018,2.23551,2.27075,0.0231761,0.000236588,2.41583e-06,2.46773e-08,2.5219e-10,2.5787e-12,2.63863e-14,2.70274e-16,2.77505e-18,2.90625e-20,6.94382e-22,4.03105e-22,4.05769e-22,4.15589e-22,8.45384e-22,4.15172e-20,3.9807e-18,3.87681e-16,3.78387e-14,3.69704e-12,3.61492e-10,3.53678e-08,3.46206e-06,0.000339027,0.0332099,3.2538,3.30573,3.35149,3.39323,3.43261,3.47065,3.50793,3.54476,3.58131,3.61765,3.6538,3.68977,3.72553,3.76105,3.79632,3.8313,3.86596,3.90028,3.93421,3.96774,
1.65923,1.68562,1.71242,1.73966,1.76732,1.79541,1.82393,1.85289,1.88227,1.91209,1.94234,1.97304,2.00418,2.03577,2.06781,2.10029,2.13314,2.16619,2.19896,2.23031,0.0227611,0.000232286,2.37059e-06,2.41931e-08,2.46907e-10,2.51991e-12,2.57185e-14,2.62497e-16,2.67934e-18,2.73558e-20,2.83316e-22,6.93502e-24,4.21132e-24,8.28801e-24,4.04911e-22,3.92436e-20,3.84385e-18,3.76584e-16,3.68964e-14,3.61512e-12,3.54221e-10,3.47084e-08,3.40096e-06,0.000333253,0.0326549,3.19981,3.24785,3.29256,3.33447,3.37436,3.41288,3.45049,3.48748,3.52403,3.56025,3.59618,3.63185,3.66725,3.70238,3.73722,3.77175,3.80594,3.83976,3.87319,3.90621,
1.63435,1.66032,1.68672,1.71355,1.74081,1.76849,1.79661,1.82516,1.85414,1.88356,1.91342,1.94372,1.97446,2.00564,2.03723,2.06917,2.10132,2.13338,2.16473,2.1943,0.0223935,0.000228534,2.33227e-06,2.38016e-08,2.42904e-10,2.47892e-12,2.52983e-14,2.5818e-16,2.63483e-18,2.68898e-20,2.74495e-22,2.87059e-24,1.39993e-25,4.09041e-24,3.9385e-22,3.85851e-20,3.78086e-18,3.7048e-16,3.63028e-14,3.55727e-12,3.48574e-10,3.41564e-08,3.34696e-06,0.000327966,0.0321371,3.14909,3.19402,3.23714,3.27843,3.31815,3.35668,3.3943,3.43126,3.4677,3.50373,3.53941,3.57476,3.60981,3.64454,3.67895,3.71303,3.74675,3.78009,3.81303,3.84555,
1.60984,1.63541,1.66141,1.68784,1.7147,1.74198,1.76969,1.79784,1.82643,1.85545,1.88491,1.91482,1.94517,1.97596,2.00715,2.0387,2.07046,2.10214,2.13314,2.16243,0.0220684,0.000225216,2.29843e-06,2.34567e-08,2.39391e-10,2.44318e-12,2.49353e-14,2.545e-16,2.59767e-18,2.65196e-20,2.73445e-22,5.48935e-24,2.82693e-24,6.76289e-24,3.90897e-22,3.80109e-20,3.72349e-18,3.64808e-16,3.57437e-14,3.50226e-12,3.43168e-10,3.36259e-08,3.29492e-06,0.000322865,0.0316372,3.10011,3.1427,3.18426,3.22461,3.26381,3.30203,3.33943,3.37618,3.41239,3.44815,3.48353,3.51854,3.55321,3.58754,3.62153,3.65516,3.68842,3.72129,3.75374,3.78576,
1.58569,1.61087,1.63648,1.66251,1.68897,1.71585,1.74317,1.77092,1.79911,1.82773,1.8568,1.88632,1.91629,1.94671,1.97759,2.00888,2.04055,2.07243,2.10415,2.1347,0.0217874,0.00022241,2.27102e-06,2.31973e-08,2.37053e-10,2.42373e-12,2.47976e-14,2.53942e-16,2.60559e-18,2.71272e-20,5.4484e-22,2.69792e-22,2.70301e-22,2.78474e-22,6.7824e-22,3.86181e-20,3.72216e-18,3.62907e-16,3.54438e-14,3.46466e-12,3.38887e-10,3.31644e-08,3.24694e-06,0.000317998,0.0311521,3.0523,3.0931,3.13327,3.17262,3.21112,3.24883,3.28583,3.32224,3.35812,3.39355,3.42857,3.46321,3.49749,3.5314,3.56496,3.59814,3.63094,3.66334,3.69531,3.72684,
1.5619,1.5867,1.61191,1.63755,1.66362,1.69011,1.71703,1.74438,1.77217,1.8004,1.82907,1.8582,1.88779,1.91786,1.94843,1.97954,2.01126,2.04373,2.07716,2.11137,0.0217527,0.000226103,2.36952e-06,2.50221e-08,2.66163e-10,2.85239e-12,3.08363e-14,3.39491e-16,3.99219e-18,8.00666e-20,2.68136e-20,2.61586e-20,2.6479e-20,2.68921e-20,2.85366e-20,1.00954e-19,5.5472e-18,4.78366e-16,4.36144e-14,4.04144e-12,3.77611e-10,3.55369e-08,3.36814e-06,0.000321612,0.030956,3.00544,3.04482,3.08377,3.12214,3.15986,3.19696,3.23346,3.26942,3.3049,3.33993,3.37455,3.40879,3.44265,3.47614,3.50925,3.54199,3.57433,3.60626,3.63775,3.6688,
1.53846,1.56287,1.5877,1.61295,1.63863,1.66473,1.69125,1.71821,1.7456,1.77343,1.80171,1.83044,1.85964,1.88934,1.91957,1.95042,1.98205,2.01489,2.05023,2.0924,0.0418891,0.000632843,8.55232e-06,1.09227e-07,1.35434e-09,1.66211e-11,2.06101e-13,2.85488e-15,5.7043e-17,3.96053e-18,2.57459e-18,2.5623e-18,2.59458e-18,2.63392e-18,2.72513e-18,4.48101e-18,7.25315e-17,3.85372e-15,2.84079e-13,2.30248e-11,1.88129e-09,1.52e-07,1.19203e-05,0.000883759,0.058691,2.95948,2.99766,3.03551,3.07294,3.10987,3.1463,3.18223,3.21769,3.25269,3.28728,3.32147,3.35527,3.38869,3.42174,3.45441,3.48669,3.51857,3.55004,3.58107,3.61164,
1.51535,1.53939,1.56384,1.58871,1.61399,1.6397,1.66584,1.6924,1.71939,1.74681,1.77469,1.80301,1.83181,1.8611,1.89092,1.92133,1.95244,1.9844,2.01728,2.05001,2.07412,0.0211605,0.00021991,2.34405e-06,2.5924e-08,3.04707e-10,3.95533e-12,7.89902e-14,2.84147e-15,3.36355e-16,2.5091e-16,2.51035e-16,2.54235e-16,2.58045e-16,2.6537e-16,3.72743e-16,3.3894e-15,1.00742e-13,5.33568e-12,4.16864e-10,3.57284e-08,3.24227e-06,0.00030475,0.0293514,2.87777,2.9145,2.95149,2.98833,3.02486,3.06102,3.09676,3.13208,3.16698,3.20148,3.23559,3.26931,3.30265,3.33563,3.36822,3.40044,3.43226,3.46368,3.49468,3.52524,3.55535,
1.49257,1.51623,1.54031,1.5648,1.5897,1.61503,1.64077,1.66693,1.69352,1.72054,1.748,1.77591,1.80428,1.83312,1.86247,1.89234,1.92278,1.95379,1.98529,2.01705,2.04982,0.0410766,0.000819606,1.4359e-05,2.4669e-07,4.52618e-09,9.05413e-11,3.93799e-12,2.04763e-13,3.05392e-14,2.4501e-14,2.45958e-14,2.49119e-14,2.52823e-14,2.59035e-14,3.3615e-14,2.37753e-13,4.7313e-12,1.1632e-10,5.9296e-09,3.28272e-07,1.92894e-05,0.00110842,0.0561786,2.83351,2.86993,2.90613,2.9421,2.9778,3.01319,3.04824,3.08293,3.11726,3.15122,3.18482,3.21806,3.25093,3.28343,3.31557,3.34732,3.37869,3.40965,3.44019,3.47029,3.49993,
1.47011,1.49341,1.51711,1.54123,1.56575,1.59069,1.61604,1.64181,1.668,1.69461,1.72165,1.74913,1.77706,1.80544,1.83428,1.86359,1.89335,1.92349,1.95383,1.98389,2.01256,2.03586,0.0406497,0.000613708,1.02795e-05,2.05533e-07,4.52005e-09,3.02974e-10,1.65049e-11,2.82432e-12,2.39471e-12,2.40991e-12,2.44105e-12,2.47715e-12,2.53118e-12,3.09748e-12,1.90069e-11,3.56472e-10,5.69228e-09,2.64155e-07,1.34962e-05,0.000816948,0.054339,2.75389,2.79047,2.82624,2.86163,2.89676,2.93166,2.96631,3.00067,3.03473,3.06847,3.10188,3.13496,3.16769,3.20008,3.23211,3.26377,3.29506,3.32597,3.35647,3.38655,3.41619,3.44537,
1.44796,1.4709,1.49424,1.51798,1.54213,1.56669,1.59165,1.61703,1.64281,1.66901,1.69564,1.72268,1.75016,1.77806,1.8064,1.83516,1.86432,1.89379,1.92342,1.95288,1.98147,2.00754,2.02767,0.0206965,0.000413792,1.02647e-05,2.46079e-07,2.57569e-08,1.34449e-09,2.63501e-10,2.34213e-10,2.36131e-10,2.39193e-10,2.42718e-10,2.47518e-10,2.88176e-10,1.54089e-09,2.99312e-08,3.046e-07,1.29077e-05,0.000532079,0.027323,2.67808,2.71383,2.7489,2.78357,2.81801,2.85228,2.88639,2.9203,2.95398,2.98741,3.02056,3.05342,3.08596,3.11819,3.15008,3.18163,3.21282,3.24364,3.27409,3.30413,3.33375,3.36294,3.39168,
1.42612,1.4487,1.47168,1.49506,1.51884,1.54301,1.56759,1.59257,1.61796,1.64375,1.66995,1.69656,1.72358,1.75102,1.77887,1.80711,1.83573,1.8647,1.89396,1.92352,1.95368,1.98594,2.02695,0.040947,0.0206621,0.000612227,1.43129e-05,2.32796e-06,1.08412e-07,2.47686e-08,2.29192e-08,2.31373e-08,2.3438e-08,2.37826e-08,2.42184e-08,2.70261e-08,1.2385e-07,2.68662e-06,1.75167e-05,0.000758123,0.0258585,0.0528647,2.64131,2.67508,2.70839,2.74176,2.77518,2.80859,2.84192,2.87511,2.90813,2.94094,2.9735,3.0058,3.03781,3.06952,3.10092,3.13198,3.1627,3.19306,3.22304,3.25262,3.2818,3.31054,3.33883,
1.40458,1.42681,1.44944,1.47245,1.49586,1.51966,1.54386,1.56844,1.59343,1.61881,1.64459,1.67077,1.69735,1.72432,1.75169,1.77944,1.80757,1.83606,1.86495,1.89433,1.92453,1.95634,1.991,2.02639,2.02424,0.040536,0.000816492,0.000218349,8.48715e-06,2.34527e-06,2.24378e-06,2.26713e-06,2.29665e-06,2.33036e-06,2.37078e-06,2.55425e-06,9.66984e-06,0.000250992,0.000990558,0.0499234,2.53169,2.59198,2.60941,2.63743,2.66846,2.70053,2.73298,2.76557,2.79816,2.83068,2.86305,2.89525,2.92724,2.95899,2.99047,3.02168,3.05257,3.08315,3.1134,3.14329,3.17281,3.20194,3.23067,3.25897,3.28682,
1.38334,1.40523,1.4275,1.45016,1.4732,1.49663,1.52044,1.54464,1.56923,1.59421,1.61957,1.64532,1.67146,1.69797,1.72487,1.75214,1.77977,1.80779,1.8362,1.86507,1.89452,1.92466,1.95506,1.98321,2.00249,2.02793,0.0408806,0.0210076,0.000627912,0.000223771,0.000219743,0.00022215,0.000225044,0.000228345,0.000232169,0.000243357,0.000713314,0.0240963,0.0488639,2.45889,2.49718,2.53778,2.56758,2.59738,2.62813,2.65952,2.69125,2.72314,2.75507,2.78694,2.81871,2.85033,2.88176,2.91296,2.94393,2.97462,3.00503,3.03512,3.0649,3.09432,3.12339,3.15207,3.18035,3.20822,3.23564,
1.36239,1.38394,1.40586,1.42817,1.45085,1.47391,1.49735,1.52117,1.54536,1.56994,1.59489,1.62021,1.64591,1.67197,1.6984,1.72519,1.75234,1.77985,1.80772,1.83596,1.86457,1.89343,1.92212,1.94964,1.97533,2.00388,2.03831,2.05903,0.0415514,0.0215271,0.0215261,0.0217679,0.0220516,0.0223749,0.0227428,0.0233877,0.0469821,2.3598,2.40241,2.42867,2.46102,2.49501,2.52638,2.55703,2.58777,2.61877,2.64996,2.68127,2.71259,2.74388,2.77507,2.80613,2.83701,2.86769,2.89814,2.92834,2.95825,2.98788,3.01718,3.04615,3.07476,3.103,3.13085,3.15828,3.18527,
1.34173,1.36294,1.38453,1.40648,1.42881,1.45151,1.47457,1.49801,1.52182,1.54599,1.57053,1.59544,1.6207,1.64633,1.6723,1.69862,1.72528,1.75227,1.77958,1.80721,1.83509,1.86312,1.89105,1.91863,1.94601,1.97468,2.00517,2.03501,2.07395,2.08941,2.1091,2.13299,2.16079,2.19247,2.22829,2.2688,2.31431,2.33358,2.36375,2.39299,2.42386,2.45549,2.48653,2.51718,2.54777,2.57842,2.60915,2.63994,2.67072,2.70146,2.73211,2.76263,2.79299,2.82316,2.8531,2.88281,2.91224,2.94139,2.97024,2.99875,3.02692,3.05472,3.08213,3.10913,3.13571,
1.32136,1.34224,1.36349,1.3851,1.40707,1.42941,1.45211,1.47517,1.4986,1.52238,1.54652,1.57101,1.59585,1.62103,1.64656,1.67241,1.69859,1.72508,1.75186,1.77891,1.80619,1.8336,1.86106,1.88851,1.91612,1.94437,1.97337,2.0026,2.03252,2.05629,2.07997,2.10555,2.13362,2.16437,2.19772,2.23314,2.26854,2.29711,2.32665,2.35633,2.38658,2.41718,2.44767,2.47802,2.5083,2.53857,2.56887,2.59917,2.62945,2.65968,2.68981,2.71981,2.74966,2.77933,2.80879,2.83801,2.86697,2.89566,2.92405,2.95211,2.97984,3.00721,3.03419,3.06078,3.08694,
1.30126,1.32182,1.34274,1.36401,1.38564,1.40762,1.42996,1.45266,1.4757,1.4991,1.52284,1.54692,1.57134,1.5961,1.62118,1.64658,1.67229,1.69829,1.72457,1.7511,1.77784,1.80475,1.83178,1.85894,1.8863,1.91401,1.94206,1.97017,1.99796,2.02392,2.04964,2.07629,2.10445,2.13432,2.16575,2.19815,2.23026,2.26033,2.29005,2.31973,2.34958,2.37958,2.40958,2.43951,2.46941,2.49929,2.52915,2.55899,2.58879,2.61852,2.64815,2.67766,2.70702,2.7362,2.76518,2.79393,2.82243,2.85066,2.8786,2.90623,2.93352,2.96046,2.98702,3.01319,3.03895,
1.28145,1.30169,1.32228,1.34321,1.3645,1.38614,1.40812,1.43045,1.45312,1.47614,1.49949,1.52317,1.54719,1.57152,1.59617,1.62113,1.64639,1.67192,1.69772,1.72376,1.75002,1.77646,1.80307,1.82985,1.85681,1.884,1.91137,1.93874,1.96589,1.99249,2.01905,2.04618,2.07425,2.10338,2.13347,2.1641,2.19465,2.22454,2.2541,2.28357,2.31306,2.34259,2.37213,2.40164,2.43112,2.46058,2.49,2.51939,2.54872,2.57798,2.60714,2.63617,2.66505,2.69376,2.72227,2.75056,2.7786,2.80639,2.83388,2.86107,2.88794,2.91445,2.94061,2.96637,2.99173,
1.26191,1.28184,1.3021,1.32271,1.34366,1.36496,1.38659,1.40856,1.43087,1.45351,1.47648,1.49977,1.52338,1.54731,1.57154,1.59607,1.62088,1.64597,1.67131,1.69689,1.7227,1.7487,1.77488,1.80124,1.82778,1.85449,1.88134,1.90822,1.93504,1.96175,1.98857,2.01579,2.04362,2.07214,2.10128,2.13078,2.16033,2.18969,2.21888,2.248,2.27709,2.3062,2.3353,2.36438,2.39344,2.42246,2.45145,2.48039,2.50927,2.53806,2.56675,2.59532,2.62374,2.65198,2.68004,2.70787,2.73547,2.76281,2.78988,2.81664,2.84308,2.86919,2.89493,2.92029,2.94526,
1.24265,1.26226,1.28221,1.3025,1.32312,1.34408,1.36536,1.38698,1.40893,1.4312,1.45379,1.4767,1.49992,1.52345,1.54727,1.57138,1.59577,1.62042,1.64533,1.67048,1.69584,1.72141,1.74718,1.77312,1.79924,1.82552,1.85193,1.87842,1.90497,1.93157,1.95834,1.98542,2.01294,2.04093,2.06934,2.09804,2.12684,2.15562,2.18435,2.21304,2.24172,2.27039,2.29906,2.32771,2.35634,2.38493,2.41348,2.44198,2.47041,2.49876,2.527,2.55511,2.58307,2.61087,2.63847,2.66587,2.69303,2.71994,2.74657,2.77292,2.79894,2.82464,2.84998,2.87495,2.89953,
1.22366,1.24296,1.2626,1.28257,1.30287,1.32349,1.34444,1.36571,1.38731,1.40922,1.43144,1.45397,1.47681,1.49994,1.52337,1.54707,1.57105,1.59529,1.61978,1.6445,1.66944,1.6946,1.71995,1.74549,1.7712,1.79708,1.82309,1.84923,1.87548,1.90186,1.92843,1.95526,1.98243,2.00994,2.03775,2.0658,2.09398,2.12221,2.15045,2.17869,2.20693,2.23517,2.26341,2.29163,2.31982,2.34799,2.37611,2.40417,2.43216,2.46006,2.48785,2.51552,2.54304,2.5704,2.59757,2.62453,2.65126,2.67774,2.70396,2.72989,2.75551,2.7808,2.80575,2.83033,2.85453,
1.20493,1.22394,1.24327,1.26293,1.2829,1.3032,1.32382,1.34475,1.36599,1.38755,1.40941,1.43158,1.45404,1.47679,1.49983,1.52314,1.54672,1.57055,1.59463,1.61895,1.64349,1.66824,1.69319,1.71833,1.74365,1.76913,1.79478,1.82056,1.8465,1.87259,1.89888,1.9254,1.95219,1.97925,2.00655,2.03404,2.06167,2.08938,2.11714,2.14492,2.17272,2.20052,2.22833,2.25612,2.28389,2.31162,2.33931,2.36694,2.3945,2.42196,2.44932,2.47656,2.50364,2.53057,2.55731,2.58384,2.61015,2.63622,2.66202,2.68755,2.71277,2.73767,2.76222,2.78642,2.81025,
1.18647,1.20519,1.22422,1.24356,1.26323,1.2832,1.30349,1.32409,1.34499,1.3662,1.38771,1.40952,1.43161,1.45399,1.47665,1.49958,1.52277,1.54621,1.5699,1.59382,1.61796,1.64232,1.66687,1.69162,1.71656,1.74167,1.76695,1.79238,1.81799,1.84376,1.86972,1.8959,1.9223,1.94892,1.97575,2.00275,2.02988,2.0571,2.08439,2.11172,2.13907,2.16644,2.19381,2.22117,2.24852,2.27583,2.30309,2.3303,2.35743,2.38446,2.4114,2.4382,2.46486,2.49136,2.51768,2.5438,2.5697,2.59536,2.62076,2.64588,2.6707,2.69521,2.71939,2.74321,2.76667,
1.16828,1.1867,1.20543,1.22448,1.24383,1.26349,1.28346,1.30373,1.3243,1.34517,1.36633,1.38778,1.40952,1.43154,1.45383,1.47638,1.49919,1.52225,1.54556,1.56909,1.59285,1.61682,1.641,1.66537,1.68993,1.71467,1.73958,1.76466,1.78992,1.81535,1.84097,1.86678,1.89279,1.91899,1.94537,1.97191,1.99857,2.02533,2.05216,2.07905,2.10596,2.1329,2.15985,2.18679,2.21371,2.2406,2.26744,2.29422,2.32093,2.34755,2.37406,2.40045,2.42669,2.45278,2.47868,2.50439,2.52988,2.55514,2.58014,2.60487,2.62931,2.65344,2.67724,2.70069,2.72378,
1.15034,1.16848,1.18692,1.20567,1.22471,1.24407,1.26372,1.28366,1.30391,1.32444,1.34527,1.36638,1.38776,1.40942,1.43135,1.45354,1.47599,1.49868,1.52161,1.54476,1.56815,1.59174,1.61554,1.63954,1.66373,1.6881,1.71265,1.73738,1.76229,1.78736,1.81262,1.83806,1.86368,1.88948,1.91543,1.94153,1.96775,1.99406,2.02045,2.0469,2.07339,2.0999,2.12642,2.15294,2.17945,2.20592,2.23235,2.25872,2.28501,2.31122,2.33731,2.36329,2.38912,2.4148,2.4403,2.46561,2.4907,2.51556,2.54017,2.56452,2.58857,2.61233,2.63576,2.65884,2.68157,
1.13266,1.15052,1.16867,1.18713,1.20588,1.22492,1.24426,1.26389,1.28382,1.30403,1.32452,1.34529,1.36633,1.38765,1.40922,1.43106,1.45314,1.47547,1.49803,1.52083,1.54384,1.56707,1.5905,1.61413,1.63796,1.66197,1.68616,1.71053,1.73507,1.75979,1.78469,1.80975,1.83499,1.86038,1.88592,1.9116,1.93739,1.96328,1.98924,2.01526,2.04133,2.06742,2.09353,2.11964,2.14573,2.17179,2.19781,2.22377,2.24965,2.27545,2.30114,2.32671,2.35215,2.37742,2.40252,2.42743,2.45214,2.47661,2.50084,2.5248,2.54848,2.57187,2.59493,2.61766,2.64004,
1.11524,1.13282,1.15069,1.16885,1.18731,1.20606,1.22509,1.24442,1.26402,1.28391,1.30408,1.32452,1.34523,1.3662,1.38743,1.40892,1.43065,1.45263,1.47483,1.49727,1.51992,1.54279,1.56586,1.58913,1.6126,1.63625,1.66008,1.68409,1.70828,1.73264,1.75717,1.78186,1.80671,1.83171,1.85685,1.88212,1.90749,1.93296,1.95851,1.98412,2.00977,2.03546,2.06115,2.08685,2.11254,2.1382,2.16381,2.18937,2.21485,2.24025,2.26554,2.29072,2.31575,2.34063,2.36535,2.38987,2.41418,2.43828,2.46213,2.48572,2.50903,2.53205,2.55476,2.57714,2.59917,
1.09807,1.11537,1.13296,1.15085,1.16901,1.18747,1.2062,1.22522,1.24452,1.2641,1.28394,1.30406,1.32444,1.34508,1.36598,1.38712,1.40851,1.43014,1.452,1.47408,1.49638,1.51889,1.54161,1.56453,1.58764,1.61093,1.63441,1.65807,1.68189,1.70589,1.73005,1.75437,1.77885,1.80346,1.82821,1.85308,1.87805,1.90312,1.92826,1.95346,1.97871,2.00399,2.02929,2.05459,2.07987,2.10513,2.13035,2.15551,2.1806,2.2056,2.2305,2.25529,2.27993,2.30443,2.32875,2.35289,2.37683,2.40055,2.42403,2.44725,2.47021,2.49287,2.51522,2.53725,2.55894,
1.08114,1.09818,1.1155,1.1331,1.15098,1.16915,1.18759,1.20631,1.22531,1.24457,1.26411,1.28391,1.30397,1.32428,1.34485,1.36566,1.38672,1.408,1.42952,1.45126,1.47321,1.49538,1.51774,1.54031,1.56307,1.58601,1.60914,1.63244,1.65591,1.67955,1.70335,1.7273,1.7514,1.77564,1.8,1.82448,1.84906,1.87373,1.89848,1.92328,1.94814,1.97302,1.99792,2.02283,2.04772,2.07259,2.09741,2.12219,2.14689,2.1715,2.19602,2.22041,2.24468,2.26879,2.29274,2.31651,2.34007,2.36342,2.38654,2.4094,2.432,2.45431,2.47631,2.498,2.51935,
1.06446,1.08123,1.09828,1.11561,1.13322,1.1511,1.16925,1.18768,1.20638,1.22534,1.24457,1.26406,1.28381,1.3038,1.32405,1.34453,1.36526,1.38621,1.40739,1.42879,1.45041,1.47223,1.49425,1.51648,1.53889,1.56148,1.58426,1.60721,1.63033,1.65361,1.67705,1.70064,1.72437,1.74823,1.77222,1.79631,1.82051,1.8448,1.86916,1.89357,1.91804,1.94254,1.96705,1.99157,2.01607,2.04056,2.065,2.08939,2.1137,2.13794,2.16207,2.18609,2.20998,2.23372,2.2573,2.2807,2.3039,2.32688,2.34964,2.37215,2.39439,2.41636,2.43802,2.45938,2.4804,
1.04802,1.06453,1.08132,1.09838,1.11571,1.13331,1.15118,1.16933,1.18773,1.2064,1.22533,1.24451,1.26395,1.28363,1.30356,1.32373,1.34413,1.36476,1.38561,1.40668,1.42796,1.44945,1.47113,1.49301,1.51508,1.53734,1.55977,1.58237,1.60514,1.62806,1.65115,1.67437,1.69774,1.72124,1.74485,1.76858,1.7924,1.81631,1.84029,1.86433,1.88841,1.91252,1.93666,1.9608,1.98492,2.00903,2.03309,2.0571,2.08105,2.10491,2.12867,2.15232,2.17583,2.19921,2.22242,2.24545,2.26829,2.29092,2.31333,2.33549,2.35739,2.37901,2.40034,2.42136,2.44206,
1.03182,1.04807,1.0646,1.08139,1.09846,1.11579,1.13338,1.15124,1.16936,1.18774,1.20637,1.22526,1.24439,1.26377,1.28339,1.30324,1.32333,1.34364,1.36417,1.38491,1.40586,1.42702,1.44837,1.46992,1.49165,1.51356,1.53565,1.55791,1.58033,1.60291,1.62564,1.64851,1.67152,1.69465,1.71791,1.74126,1.76472,1.78826,1.81186,1.83553,1.85924,1.88298,1.90674,1.93051,1.95426,1.97799,2.00169,2.02533,2.0489,2.07239,2.09579,2.11907,2.14223,2.16524,2.18809,2.21077,2.23326,2.25554,2.27759,2.29941,2.32097,2.34226,2.36326,2.38396,2.40433,
1.01585,1.03185,1.04812,1.06466,1.08145,1.09852,1.11584,1.13342,1.15126,1.16935,1.1877,1.20629,1.22513,1.24421,1.26353,1.28307,1.30285,1.32284,1.34305,1.36348,1.38411,1.40494,1.42596,1.44718,1.46858,1.49015,1.51191,1.53382,1.5559,1.57814,1.60052,1.62304,1.6457,1.66848,1.69137,1.71437,1.73746,1.76063,1.78388,1.80718,1.83052,1.8539,1.8773,1.90069,1.92408,1.94745,1.97078,1.99405,2.01726,2.04039,2.06343,2.08635,2.10915,2.13181,2.15431,2.17664,2.19878,2.22071,2.24243,2.26391,2.28513,2.30609,2.32677,2.34714,2.3672,
1.00011,1.01587,1.03188,1.04816,1.0647,1.0815,1.09855,1.11586,1.13343,1.15124,1.16931,1.18761,1.20616,1.22495,1.24396,1.26321,1.28268,1.30237,1.32227,1.34238,1.36269,1.3832,1.4039,1.42479,1.44586,1.46711,1.48853,1.51011,1.53185,1.55374,1.57578,1.59796,1.62027,1.6427,1.66524,1.68788,1.71062,1.73344,1.75633,1.77927,1.80226,1.82527,1.84831,1.87135,1.89438,1.91738,1.94035,1.96327,1.98613,2.0089,2.03158,2.05415,2.0766,2.09891,2.12106,2.14304,2.16484,2.18644,2.20782,2.22897,2.24987,2.2705,2.29086,2.31092,2.33066,
