0,1,2.71828
0.03125,1,2.80456
0.0625,1,2.89348
0.09375,1,2.98504
0.125,1,3.07922
0.15625,1,3.17598
0.1875,1,3.27528
0.21875,1,3.37707
0.25,1,3.48129
0.28125,1,3.58786
0.3125,1,3.69669
0.34375,1,3.80768
0.375,1,3.92071
0.40625,1,4.03565
0.4375,1,4.15236
0.46875,1,4.27067
0.5,1,4.39042
0.53125,1,4.51142
0.5625,1,4.63345
0.59375,1,4.75631
0.625,1,4.87977
0.65625,1,5.00356
0.6875,1,5.12744
0.71875,1,5.25114
0.75,1,5.37436
0.78125,1,5.49681
0.8125,1,5.61818
0.84375,1,5.73817
0.875,1,5.85645
0.90625,1,5.97269
0.9375,1,6.08655
0.96875,1,6.1977
1,1,6.30581
0,0.96875,2.63465
0.03125,0.968941,2.71879
0.0625,0.969131,2.80552
0.09375,0.969317,2.89484
0.125,0.969497,2.98671
0.15625,0.969671,3.08109
0.1875,0.969835,3.17795
0.21875,0.969989,3.27723
0.25,0.970131,3.37884
0.28125,0.97026,3.48272
0.3125,0.970374,3.58877
0.34375,0.970473,3.69689
0.375,0.970554,3.80694
0.40625,0.970619,3.9188
0.4375,0.970666,4.03231
0.46875,0.970694,4.14733
0.5,0.970703,4.26366
0.53125,0.970694,4.38112
0.5625,0.970666,4.4995
0.59375,0.970619,4.6186
0.625,0.970554,4.73817
0.65625,0.970473,4.85798
0.6875,0.970374,4.97776
0.71875,0.97026,5.09726
0.75,0.970131,5.2162
0.78125,0.969989,5.33429
0.8125,0.969835,5.45124
0.84375,0.969671,5.56675
0.875,0.969497,5.68051
0.90625,0.969317,5.79221
0.9375,0.969131,5.90153
0.96875,0.968941,6.00817
1,0.96875,6.1118
0,0.9375,2.55359
0.03125,0.937883,2.63564
0.0625,0.938262,2.72024
0.09375,0.938634,2.80736
0.125,0.938995,2.89698
0.15625,0.939341,2.98905
0.1875,0.93967,3.08352
0.21875,0.939978,3.18033
0.25,0.940262,3.27941
0.28125,0.94052,3.38067
0.3125,0.940748,3.48401
0.34375,0.940945,3.58932
0.375,0.941109,3.69647
0.40625,0.941238,3.80533
0.4375,0.941331,3.91574
0.46875,0.941387,4.02754
0.5,0.941406,4.14055
0.53125,0.941387,4.25458
0.5625,0.941331,4.36943
0.59375,0.941238,4.48487
0.625,0.941109,4.60068
0.65625,0.940945,4.71662
0.6875,0.940748,4.83245
0.71875,0.94052,4.9479
0.75,0.940262,5.0627
0.78125,0.939978,5.17658
0.8125,0.93967,5.28926
0.84375,0.939341,5.40045
0.875,0.938995,5.50985
0.90625,0.938634,5.61718
0.9375,0.938262,5.72214
0.96875,0.937883,5.82443
1,0.9375,5.92376
0,0.90625,2.47502
0.03125,0.906824,2.55504
0.0625,0.907393,2.63755
0.09375,0.907951,2.72253
0.125,0.908492,2.80994
0.15625,0.909012,2.89975
0.1875,0.909505,2.99189
0.21875,0.909967,3.0863
0.25,0.910393,3.1829
0.28125,0.910779,3.2816
0.3125,0.911122,3.3823
0.34375,0.911418,3.48488
0.375,0.911663,3.58921
0.40625,0.911857,3.69515
0.4375,0.911997,3.80254
0.46875,0.912081,3.91122
0.5,0.912109,4.021
0.53125,0.912081,4.1317
0.5625,0.911997,4.24311
0.59375,0.911857,4.35501
0.625,0.911663,4.46718
0.65625,0.911418,4.57939
0.6875,0.911122,4.69138
0.71875,0.910779,4.80291
0.75,0.910393,4.91372
0.78125,0.909967,5.02353
0.8125,0.909505,5.13209
0.84375,0.909012,5.23911
0.875,0.908492,5.34433
0.90625,0.907951,5.44745
0.9375,0.907393,5.5482
0.96875,0.906824,5.64631
1,0.90625,5.7415
0,0.875,2.39888
0.03125,0.875766,2.4769
0.0625,0.876524,2.55737
0.09375,0.877268,2.64026
0.125,0.87799,2.72552
0.15625,0.878683,2.81312
0.1875,0.87934,2.90298
0.21875,0.879956,2.99505
0.25,0.880524,3.08923
0.28125,0.881039,3.18544
0.3125,0.881496,3.28356
0.34375,0.88189,3.38348
0.375,0.882218,3.48506
0.40625,0.882476,3.58815
0.4375,0.882662,3.69261
0.46875,0.882775,3.79825
0.5,0.882812,3.9049
0.53125,0.882775,4.01237
0.5625,0.882662,4.12044
0.59375,0.882476,4.22891
0.625,0.882218,4.33756
0.65625,0.88189,4.44614
0.6875,0.881496,4.55443
0.71875,0.881039,4.66217
0.75,0.880524,4.76912
0.78125,0.879956,4.87501
0.8125,0.87934,4.97959
0.84375,0.878683,5.0826
0.875,0.87799,5.18377
0.90625,0.877268,5.28284
0.9375,0.876524,5.37955
0.96875,0.875766,5.47364
1,0.875,5.56486
0,0.84375,2.32507
0.03125,0.844707,2.40116
0.0625,0.845655,2.47964
0.09375,0.846585,2.56048
0.125,0.847487,2.64364
0.15625,0.848353,2.72908
0.1875,0.849175,2.81672
0.21875,0.849945,2.9065
0.25,0.850655,2.99832
0.28125,0.851299,3.0921
0.3125,0.85187,3.18771
0.34375,0.852363,3.28503
0.375,0.852772,3.38393
0.40625,0.853095,3.48426
0.4375,0.853328,3.58586
0.46875,0.853469,3.68855
0.5,0.853516,3.79216
0.53125,0.853469,3.89648
0.5625,0.853328,4.00133
0.59375,0.853095,4.10647
0.625,0.852772,4.2117
0.65625,0.852363,4.31678
0.6875,0.85187,4.42148
0.71875,0.851299,4.52556
0.75,0.850655,4.62877
0.78125,0.849945,4.73088
0.8125,0.849175,4.83162
0.84375,0.848353,4.93076
0.875,0.847487,5.02804
0.90625,0.846585,5.12321
0.9375,0.845655,5.21603
0.96875,0.844707,5.30625
1,0.84375,5.39364
0,0.8125,2.25353
0.03125,0.813649,2.32773
0.0625,0.814786,2.40426
0.09375,0.815902,2.48311
0.125,0.816985,2.56422
0.15625,0.818024,2.64755
0.1875,0.819011,2.73302
0.21875,0.819934,2.82056
0.25,0.820786,2.91009
0.28125,0.821559,3.00149
0.3125,0.822244,3.09465
0.34375,0.822835,3.18945
0.375,0.823327,3.28574
0.40625,0.823714,3.38338
0.4375,0.823994,3.48219
0.46875,0.824162,3.58202
0.5,0.824219,3.68267
0.53125,0.824162,3.78395
0.5625,0.823994,3.88565
0.59375,0.823714,3.98757
0.625,0.823327,4.08949
0.65625,0.822835,4.19117
0.6875,0.822244,4.2924
0.71875,0.821559,4.39295
0.75,0.820786,4.49256
0.78125,0.819934,4.59101
0.8125,0.819011,4.68805
0.84375,0.818024,4.78346
0.875,0.816985,4.87699
0.90625,0.815902,4.9684
0.9375,0.814786,5.05747
0.96875,0.813649,5.14398
1,0.8125,5.2277
0,0.78125,2.1842
0.03125,0.78259,2.25654
0.0625,0.783917,2.33118
0.09375,0.785219,2.40807
0.125,0.786482,2.48718
0.15625,0.787695,2.56845
0.1875,0.788846,2.65181
0.21875,0.789923,2.73717
0.25,0.790917,2.82445
0.28125,0.791819,2.91353
0.3125,0.792618,3.00431
0.34375,0.793308,3.09664
0.375,0.793881,3.1904
0.40625,0.794333,3.28541
0.4375,0.794659,3.38153
0.46875,0.794856,3.47856
0.5,0.794922,3.57634
0.53125,0.794856,3.67466
0.5625,0.794659,3.77332
0.59375,0.794333,3.87211
0.625,0.793881,3.97082
0.65625,0.793308,4.06923
0.6875,0.792618,4.1671
0.71875,0.791819,4.26422
0.75,0.790917,4.36035
0.78125,0.789923,4.45527
0.8125,0.788846,4.54875
0.84375,0.787695,4.64056
0.875,0.786482,4.73047
0.90625,0.785219,4.81827
0.9375,0.783917,4.90374
0.96875,0.78259,4.98667
1,0.78125,5.06686
0,0.75,2.117
0.03125,0.751532,2.18753
0.0625,0.753048,2.26031
0.09375,0.754536,2.33531
0.125,0.755979,2.41246
0.15625,0.757366,2.49172
0.1875,0.758681,2.57301
0.21875,0.759912,2.65624
0.25,0.761049,2.74133
0.28125,0.762078,2.82816
0.3125,0.762992,2.91661
0.34375,0.76378,3.00654
0.375,0.764436,3.09782
0.40625,0.764952,3.19028
0.4375,0.765325,3.28377
0.46875,0.76555,3.3781
0.5,0.765625,3.47308
0.53125,0.76555,3.56853
0.5625,0.765325,3.66424
0.59375,0.764952,3.76
0.625,0.764436,3.8556
0.65625,0.76378,3.95083
0.6875,0.762992,4.04546
0.71875,0.762078,4.13927
0.75,0.761049,4.23204
0.78125,0.759912,4.32355
0.8125,0.758681,4.41359
0.84375,0.757366,4.50192
0.875,0.755979,4.58836
0.90625,0.754536,4.67268
0.9375,0.753048,4.75468
0.96875,0.751532,4.83417
1,0.75,4.91097
0,0.71875,2.05187
0.03125,0.720473,2.12064
0.0625,0.722179,2.19161
0.09375,0.723853,2.26474
0.125,0.725477,2.33998
0.15625,0.727036,2.41728
0.1875,0.728516,2.49655
0.21875,0.729901,2.57771
0.25,0.73118,2.66066
0.28125,0.732338,2.74528
0.3125,0.733366,2.83146
0.34375,0.734253,2.91906
0.375,0.73499,3.00793
0.40625,0.735571,3.09791
0.4375,0.73599,3.18884
0.46875,0.736243,3.28053
0.5,0.736328,3.3728
0.53125,0.736243,3.46546
0.5625,0.73599,3.55831
0.59375,0.735571,3.65113
0.625,0.73499,3.74372
0.65625,0.734253,3.83587
0.6875,0.733366,3.92736
0.71875,0.732338,4.01798
0.75,0.73118,4.1075
0.78125,0.729901,4.19573
0.8125,0.728516,4.28244
0.84375,0.727036,4.36743
0.875,0.725477,4.45051
0.90625,0.723853,4.53148
0.9375,0.722179,4.61015
0.96875,0.720473,4.68634
1,0.71875,4.75987
0,0.6875,1.98874
0.03125,0.689414,2.05578
0.0625,0.69131,2.12499
0.09375,0.69317,2.1963
0.125,0.694974,2.26969
0.15625,0.696707,2.34507
0.1875,0.698351,2.42237
0.21875,0.69989,2.5015
0.25,0.701311,2.58236
0.28125,0.702598,2.66484
0.3125,0.70374,2.74881
0.34375,0.704725,2.83413
0.375,0.705545,2.92065
0.40625,0.70619,3.00821
0.4375,0.706656,3.09665
0.46875,0.706937,3.18578
0.5,0.707031,3.27542
0.53125,0.706937,3.36538
0.5625,0.706656,3.45544
0.59375,0.70619,3.54542
0.625,0.705545,3.63509
0.65625,0.704725,3.72426
0.6875,0.70374,3.81272
0.71875,0.702598,3.90024
0.75,0.701311,3.98663
0.78125,0.69989,4.07168
0.8125,0.698351,4.15519
0.84375,0.696707,4.23696
0.875,0.694974,4.31681
0.90625,0.69317,4.39455
0.9375,0.69131,4.47001
0.96875,0.689414,4.54302
1,0.6875,4.61343
0,0.65625,1.92755
0.03125,0.658356,1.99291
0.0625,0.660441,2.06039
0.09375,0.662487,2.12994
0.125,0.664472,2.2015
0.15625,0.666378,2.27501
0.1875,0.668186,2.35039
0.21875,0.66988,2.42754
0.25,0.671442,2.50637
0.28125,0.672858,2.58675
0.3125,0.674114,2.66856
0.34375,0.675198,2.75166
0.375,0.676099,2.8359
0.40625,0.676809,2.92111
0.4375,0.677322,3.00713
0.46875,0.677631,3.09377
0.5,0.677734,3.18085
0.53125,0.677631,3.26818
0.5625,0.677322,3.35555
0.59375,0.676809,3.44276
0.625,0.676099,3.52962
0.65625,0.675198,3.6159
0.6875,0.674114,3.70142
0.71875,0.672858,3.78595
0.75,0.671442,3.86931
0.78125,0.66988,3.9513
0.8125,0.668186,4.03172
0.84375,0.666378,4.11039
0.875,0.664472,4.18712
0.90625,0.662487,4.26176
0.9375,0.660441,4.33414
0.96875,0.658356,4.40409
1,0.65625,4.47149
0,0.625,1.86825
0.03125,0.627297,1.93197
0.0625,0.629572,1.99776
0.09375,0.631804,2.06558
0.125,0.633969,2.13536
0.15625,0.636048,2.20704
0.1875,0.638021,2.28054
0.21875,0.639869,2.35577
0.25,0.641573,2.43261
0.28125,0.643117,2.51095
0.3125,0.644488,2.59066
0.34375,0.64567,2.6716
0.375,0.646653,2.75361
0.40625,0.647428,2.83654
0.4375,0.647987,2.9202
0.46875,0.648325,3.00442
0.5,0.648438,3.08902
0.53125,0.648325,3.17379
0.5625,0.647987,3.25854
0.59375,0.647428,3.34308
0.625,0.646653,3.4272
0.65625,0.64567,3.51069
0.6875,0.644488,3.59336
0.71875,0.643117,3.67501
0.75,0.641573,3.75545
0.78125,0.639869,3.83448
0.8125,0.638021,3.91192
0.84375,0.636048,3.98759
0.875,0.633969,4.06133
0.90625,0.631804,4.13298
0.9375,0.629572,4.20239
0.96875,0.627297,4.26941
1,0.625,4.33391
0,0.59375,1.81077
0.03125,0.596239,1.87289
0.0625,0.598703,1.93703
0.09375,0.601121,2.00316
0.125,0.603467,2.07121
0.15625,0.605719,2.14111
0.1875,0.607856,2.21278
0.21875,0.609858,2.28612
0.25,0.611704,2.36102
0.28125,0.613377,2.43737
0.3125,0.614862,2.51504
0.34375,0.616143,2.59387
0.375,0.617208,2.67371
0.40625,0.618047,2.75441
0.4375,0.618653,2.83578
0.46875,0.619018,2.91765
0.5,0.619141,2.99983
0.53125,0.619018,3.08213
0.5625,0.618653,3.16434
0.59375,0.618047,3.24629
0.625,0.617208,3.32775
0.65625,0.616143,3.40855
0.6875,0.614862,3.48847
0.71875,0.613377,3.56733
0.75,0.611704,3.64494
0.78125,0.609858,3.72111
0.8125,0.607856,3.79568
0.84375,0.605719,3.86847
0.875,0.603467,3.93932
0.90625,0.601121,4.0081
0.9375,0.598703,4.07465
0.96875,0.596239,4.13885
1,0.59375,4.20057
0,0.5625,1.75505
0.03125,0.56518,1.81561
0.0625,0.567835,1.87815
0.09375,0.570437,1.94263
0.125,0.572964,2.00899
0.15625,0.57539,2.07715
0.1875,0.577691,2.14703
0.21875,0.579847,2.21853
0.25,0.581835,2.29154
0.28125,0.583637,2.36595
0.3125,0.585235,2.44162
0.34375,0.586615,2.51839
0.375,0.587762,2.59613
0.40625,0.588666,2.67466
0.4375,0.589318,2.7538
0.46875,0.589712,2.83338
0.5,0.589844,2.91322
0.53125,0.589712,2.99311
0.5625,0.589318,3.07287
0.59375,0.588666,3.15229
0.625,0.587762,3.23119
0.65625,0.586615,3.30937
0.6875,0.585235,3.38663
0.71875,0.583637,3.4628
0.75,0.581835,3.53767
0.78125,0.579847,3.61109
0.8125,0.577691,3.68289
0.84375,0.57539,3.7529
0.875,0.572964,3.82098
0.90625,0.570437,3.88698
0.9375,0.567835,3.95079
0.96875,0.56518,4.01228
1,0.5625,4.07134
0,0.53125,1.70106
0.03125,0.534122,1.76009
0.0625,0.536966,1.82106
0.09375,0.539754,1.88393
0.125,0.542461,1.94863
0.15625,0.54506,2.01509
0.1875,0.547526,2.08323
0.21875,0.549836,2.15294
0.25,0.551966,2.22411
0.28125,0.553897,2.29662
0.3125,0.555609,2.37034
0.34375,0.557088,2.44512
0.375,0.558317,2.5208
0.40625,0.559285,2.59721
0.4375,0.559984,2.67419
0.46875,0.560406,2.75155
0.5,0.560547,2.82911
0.53125,0.560406,2.90667
0.5625,0.559984,2.98404
0.59375,0.559285,3.06102
0.625,0.558317,3.13744
0.65625,0.557088,3.21308
0.6875,0.555609,3.28777
0.71875,0.553897,3.36133
0.75,0.551966,3.43357
0.78125,0.549836,3.50433
0.8125,0.547526,3.57345
0.84375,0.54506,3.64079
0.875,0.542461,3.70619
0.90625,0.539754,3.76953
0.9375,0.536966,3.8307
0.96875,0.534122,3.88958
1,0.53125,3.94607
0,0.5,1.64872
0.03125,0.503063,1.70626
0.0625,0.506097,1.76571
0.09375,0.509071,1.827
0.125,0.511959,1.89009
0.15625,0.514731,1.95489
0.1875,0.517362,2.02132
0.21875,0.519825,2.08928
0.25,0.522097,2.15866
0.28125,0.524157,2.22933
0.3125,0.525983,2.30115
0.34375,0.52756,2.37398
0.375,0.528871,2.44765
0.40625,0.529904,2.52201
0.4375,0.53065,2.59689
0.46875,0.5311,2.67208
0.5,0.53125,2.74742
0.53125,0.5311,2.82272
0.5625,0.53065,2.89777
0.59375,0.529904,2.9724
0.625,0.528871,3.0464
0.65625,0.52756,3.11959
0.6875,0.525983,3.1918
0.71875,0.524157,3.26283
0.75,0.522097,3.33253
0.78125,0.519825,3.40073
0.8125,0.517362,3.46727
0.84375,0.514731,3.53202
0.875,0.511959,3.59485
0.90625,0.509071,3.65563
0.9375,0.506097,3.71425
0.96875,0.503063,3.77063
1,0.5,3.82467
0,0.46875,1.598
0.03125,0.472004,1.65408
0.0625,0.475228,1.71203
0.09375,0.478388,1.7718
0.125,0.481456,1.83331
0.15625,0.484402,1.89649
0.1875,0.487197,1.96126
0.21875,0.489814,2.02751
0.25,0.492228,2.09514
0.28125,0.494416,2.164
0.3125,0.496357,2.23397
0.34375,0.498033,2.3049
0.375,0.499426,2.37663
0.40625,0.500523,2.44899
0.4375,0.501315,2.52181
0.46875,0.501793,2.59491
0.5,0.501953,2.6681
0.53125,0.501793,2.74119
0.5625,0.501315,2.814
0.59375,0.500523,2.88633
0.625,0.499426,2.958
0.65625,0.498033,3.02883
0.6875,0.496357,3.09862
0.71875,0.494416,3.16722
0.75,0.492228,3.23446
0.78125,0.489814,3.30018
0.8125,0.487197,3.36424
0.84375,0.484402,3.42651
0.875,0.481456,3.48685
0.90625,0.478388,3.54516
0.9375,0.475228,3.60135
0.96875,0.472004,3.65532
1,0.46875,3.70699
0,0.4375,1.54883
0.03125,0.440946,1.6035
0.0625,0.444359,1.65999
0.09375,0.447705,1.71826
0.125,0.450954,1.77823
0.15625,0.454073,1.83984
0.1875,0.457032,1.90298
0.21875,0.459803,1.96757
0.25,0.462359,2.03348
0.28125,0.464676,2.10059
0.3125,0.466731,2.16876
0.34375,0.468505,2.23784
0.375,0.46998,2.30767
0.40625,0.471142,2.37809
0.4375,0.471981,2.44891
0.46875,0.472487,2.51997
0.5,0.472656,2.59107
0.53125,0.472487,2.66203
0.5625,0.471981,2.73265
0.59375,0.471142,2.80277
0.625,0.46998,2.87217
0.65625,0.468505,2.9407
0.6875,0.466731,3.00817
0.71875,0.464676,3.07442
0.75,0.462359,3.13928
0.78125,0.459803,3.20261
0.8125,0.457032,3.26428
0.84375,0.454073,3.32414
0.875,0.450954,3.3821
0.90625,0.447705,3.43804
0.9375,0.444359,3.49188
0.96875,0.440946,3.54353
1,0.4375,3.59294
0,0.40625,1.50118
0.03125,0.409887,1.55446
0.0625,0.41349,1.60953
0.09375,0.417022,1.66634
0.125,0.420451,1.72481
0.15625,0.423743,1.78487
0.1875,0.426867,1.84644
0.21875,0.429792,1.9094
0.25,0.43249,1.97364
0.28125,0.434936,2.03904
0.3125,0.437105,2.10545
0.34375,0.438978,2.17273
0.375,0.440535,2.24071
0.40625,0.441761,2.30923
0.4375,0.442646,2.37812
0.46875,0.443181,2.44719
0.5,0.443359,2.51626
0.53125,0.443181,2.58514
0.5625,0.442646,2.65366
0.59375,0.441761,2.72162
0.625,0.440535,2.78883
0.65625,0.438978,2.85514
0.6875,0.437105,2.92036
0.71875,0.434936,2.98433
0.75,0.43249,3.0469
0.78125,0.429792,3.10793
0.8125,0.426867,3.16728
0.84375,0.423743,3.22484
0.875,0.420451,3.28049
0.90625,0.417022,3.33415
0.9375,0.41349,3.38573
0.96875,0.409887,3.43517
1,0.40625,3.4824
0,0.375,1.45499
0.03125,0.378829,1.50692
0.0625,0.382621,1.56061
0.09375,0.386339,1.61598
0.125,0.389949,1.67299
0.15625,0.393414,1.73155
0.1875,0.396702,1.79157
0.21875,0.399781,1.85295
0.25,0.402621,1.91556
0.28125,0.405196,1.97929
0.3125,0.407479,2.04399
0.34375,0.40945,2.10951
0.375,0.411089,2.17569
0.40625,0.41238,2.24237
0.4375,0.413312,2.30937
0.46875,0.413874,2.37651
0.5,0.414062,2.44361
0.53125,0.413874,2.51048
0.5625,0.413312,2.57695
0.59375,0.41238,2.64282
0.625,0.411089,2.70791
0.65625,0.40945,2.77207
0.6875,0.407479,2.83511
0.71875,0.405196,2.89688
0.75,0.402621,2.95724
0.78125,0.399781,3.01604
0.8125,0.396702,3.07317
0.84375,0.393414,3.1285
0.875,0.389949,3.18194
0.90625,0.386339,3.2334
0.9375,0.382621,3.28282
0.96875,0.378829,3.33012
1,0.375,3.37526
0,0.34375,1.41023
0.03125,0.34777,1.46084
0.0625,0.351752,1.51317
0.09375,0.355656,1.56715
0.125,0.359446,1.62273
0.15625,0.363085,1.67982
0.1875,0.366537,1.73834
0.21875,0.36977,1.79816
0.25,0.372752,1.85919
0.28125,0.375456,1.92129
0.3125,0.377853,1.98432
0.34375,0.379923,2.04813
0.375,0.381643,2.11256
0.40625,0.383,2.17745
0.4375,0.383978,2.24261
0.46875,0.384568,2.30788
0.5,0.384766,2.37306
0.53125,0.384568,2.43798
0.5625,0.383978,2.50245
0.59375,0.383,2.5663
0.625,0.381643,2.62934
0.65625,0.379923,2.69141
0.6875,0.377853,2.75235
0.71875,0.375456,2.812
0.75,0.372752,2.87022
0.78125,0.36977,2.92687
0.8125,0.366537,2.98185
0.84375,0.363085,3.03504
0.875,0.359446,3.08635
0.90625,0.355656,3.1357
0.9375,0.351752,3.18303
0.96875,0.34777,3.22828
1,0.34375,3.27141
0,0.3125,1.36684
0.03125,0.316712,1.41617
0.0625,0.320883,1.46717
0.09375,0.324973,1.5198
0.125,0.328943,1.57398
0.15625,0.332755,1.62964
0.1875,0.336372,1.68668
0.21875,0.339759,1.745
0.25,0.342883,1.80448
0.28125,0.345715,1.86499
0.3125,0.348227,1.9264
0.34375,0.350395,1.98854
0.375,0.352198,2.05127
0.40625,0.353619,2.1144
0.4375,0.354643,2.17778
0.46875,0.355262,2.24122
0.5,0.355469,2.30454
0.53125,0.355262,2.36757
0.5625,0.354643,2.43011
0.59375,0.353619,2.49199
0.625,0.352198,2.55305
0.65625,0.350395,2.6131
0.6875,0.348227,2.672
0.71875,0.345715,2.7296
0.75,0.342883,2.78575
0.78125,0.339759,2.84034
0.8125,0.336372,2.89325
0.84375,0.332755,2.94437
0.875,0.328943,2.99363
0.90625,0.324973,3.04095
0.9375,0.320883,3.08627
0.96875,0.316712,3.12955
1,0.3125,3.17076
0,0.28125,1.32478
0.03125,0.285653,1.37286
0.0625,0.290014,1.42257
0.09375,0.29429,1.47388
0.125,0.298441,1.5267
0.15625,0.302426,1.58096
0.1875,0.306207,1.63656
0.21875,0.309748,1.69341
0.25,0.313015,1.75138
0.28125,0.315975,1.81035
0.3125,0.318601,1.87016
0.34375,0.320868,1.93068
0.375,0.322752,1.99175
0.40625,0.324238,2.05318
0.4375,0.325309,2.11483
0.46875,0.325956,2.17649
0.5,0.326172,2.23801
0.53125,0.325956,2.29919
0.5625,0.325309,2.35986
0.59375,0.324238,2.41984
0.625,0.322752,2.47897
0.65625,0.320868,2.53707
0.6875,0.318601,2.59401
0.71875,0.315975,2.64962
0.75,0.313015,2.70378
0.78125,0.309748,2.75637
0.8125,0.306207,2.80727
0.84375,0.302426,2.85641
0.875,0.298441,2.90369
0.90625,0.29429,2.94906
0.9375,0.290014,2.99246
0.96875,0.285653,3.03385
1,0.28125,3.0732
0,0.25,1.28403
0.03125,0.254595,1.33088
0.0625,0.259145,1.37933
0.09375,0.263607,1.42934
0.125,0.267938,1.48083
0.15625,0.272097,1.53373
0.1875,0.276042,1.58794
0.21875,0.279737,1.64335
0.25,0.283146,1.69985
0.28125,0.286235,1.7573
0.3125,0.288975,1.81557
0.34375,0.29134,1.87451
0.375,0.293307,1.93395
0.40625,0.294857,1.99374
0.4375,0.295974,2.05369
0.46875,0.296649,2.11364
0.5,0.296875,2.17339
0.53125,0.296649,2.23279
0.5625,0.295974,2.29164
0.59375,0.294857,2.34978
0.625,0.293307,2.40704
0.65625,0.29134,2.46326
0.6875,0.288975,2.51828
0.71875,0.286235,2.57198
0.75,0.283146,2.62421
0.78125,0.279737,2.67487
0.8125,0.276042,2.72386
0.84375,0.272097,2.77108
0.875,0.267938,2.81646
0.90625,0.263607,2.85995
0.9375,0.259145,2.90149
0.96875,0.254595,2.94107
1,0.25,2.97865
0,0.21875,1.24452
0.03125,0.223536,1.29018
0.0625,0.228276,1.3374
0.09375,0.232924,1.38615
0.125,0.237436,1.43635
0.15625,0.241767,1.48791
0.1875,0.245877,1.54075
0.21875,0.249726,1.59476
0.25,0.253277,1.64982
0.28125,0.256495,1.70581
0.3125,0.259349,1.76257
0.34375,0.261813,1.81997
0.375,0.263861,1.87784
0.40625,0.265476,1.93601
0.4375,0.26664,1.99432
0.46875,0.267343,2.05259
0.5,0.267578,2.11065
0.53125,0.267343,2.1683
0.5625,0.26664,2.2254
0.59375,0.265476,2.28175
0.625,0.263861,2.3372
0.65625,0.261813,2.39159
0.6875,0.259349,2.44477
0.71875,0.256495,2.49661
0.75,0.253277,2.54699
0.78125,0.249726,2.59579
0.8125,0.245877,2.64292
0.84375,0.241767,2.6883
0.875,0.237436,2.73185
0.90625,0.232924,2.77353
0.9375,0.228276,2.8133
0.96875,0.223536,2.85113
1,0.21875,2.88701
0,0.1875,1.20623
0.03125,0.192477,1.25072
0.0625,0.197407,1.29675
0.09375,0.202241,1.34427
0.125,0.206933,1.3932
0.15625,0.211438,1.44346
0.1875,0.215713,1.49497
0.21875,0.219715,1.54761
0.25,0.223408,1.60128
0.28125,0.226754,1.65583
0.3125,0.229723,1.71112
0.34375,0.232285,1.76702
0.375,0.234416,1.82335
0.40625,0.236095,1.87996
0.4375,0.237306,1.93667
0.46875,0.238037,1.99331
0.5,0.238281,2.04971
0.53125,0.238037,2.10568
0.5625,0.237306,2.16106
0.59375,0.236095,2.21568
0.625,0.234416,2.26938
0.65625,0.232285,2.322
0.6875,0.229723,2.37341
0.71875,0.226754,2.42346
0.75,0.223408,2.47204
0.78125,0.219715,2.51905
0.8125,0.215713,2.56439
0.84375,0.211438,2.60799
0.875,0.206933,2.64978
0.90625,0.202241,2.68972
0.9375,0.197407,2.72778
0.96875,0.192477,2.76394
1,0.1875,2.79818
0,0.15625,1.16912
0.03125,0.161419,1.21247
0.0625,0.166538,1.25733
0.09375,0.171558,1.30365
0.125,0.176431,1.35134
0.15625,0.181109,1.40034
0.1875,0.185548,1.45055
0.21875,0.189704,1.50186
0.25,0.193539,1.55416
0.28125,0.197014,1.60731
0.3125,0.200097,1.66118
0.34375,0.202758,1.71561
0.375,0.20497,1.77045
0.40625,0.206714,1.82553
0.4375,0.207971,1.88069
0.46875,0.20873,1.93575
0.5,0.208984,1.99053
0.53125,0.20873,2.04487
0.5625,0.207971,2.09859
0.59375,0.206714,2.15153
0.625,0.20497,2.20353
0.65625,0.202758,2.25444
0.6875,0.200097,2.30412
0.71875,0.197014,2.35245
0.75,0.193539,2.3993
0.78125,0.189704,2.44457
0.8125,0.185548,2.48819
0.84375,0.181109,2.53008
0.875,0.176431,2.57018
0.90625,0.171558,2.60845
0.9375,0.166538,2.64486
0.96875,0.161419,2.67941
1,0.15625,2.71209
0,0.125,1.13315
0.03125,0.13036,1.17539
0.0625,0.135669,1.21911
0.09375,0.140875,1.26426
0.125,0.145928,1.31075
0.15625,0.15078,1.35851
0.1875,0.155383,1.40745
0.21875,0.159693,1.45746
0.25,0.16367,1.50842
0.28125,0.167274,1.56021
0.3125,0.170471,1.61269
0.34375,0.17323,1.66569
0.375,0.175525,1.71908
0.40625,0.177333,1.77268
0.4375,0.178637,1.82632
0.46875,0.179424,1.87984
0.5,0.179688,1.93306
0.53125,0.179424,1.98582
0.5625,0.178637,2.03793
0.59375,0.177333,2.08924
0.625,0.175525,2.1396
0.65625,0.17323,2.18885
0.6875,0.170471,2.23686
0.71875,0.167274,2.28352
0.75,0.16367,2.32869
0.78125,0.159693,2.3723
0.8125,0.155383,2.41426
0.84375,0.15078,2.45449
0.875,0.145928,2.49296
0.90625,0.140875,2.52963
0.9375,0.135669,2.56447
0.96875,0.13036,2.59747
1,0.125,2.62865
0,0.09375,1.09829
0.03125,0.0993018,1.13945
0.0625,0.1048,1.18206
0.09375,0.110192,1.22605
0.125,0.115425,1.27137
0.15625,0.12045,1.31793
0.1875,0.125218,1.36563
0.21875,0.129682,1.41437
0.25,0.133801,1.46404
0.28125,0.137534,1.5145
0.3125,0.140845,1.56561
0.34375,0.143703,1.61723
0.375,0.146079,1.6692
0.40625,0.147952,1.72136
0.4375,0.149302,1.77353
0.46875,0.150118,1.82555
0.5,0.150391,1.87726
0.53125,0.150118,1.92847
0.5625,0.149302,1.97902
0.59375,0.147952,2.02875
0.625,0.146079,2.07752
0.65625,0.143703,2.12517
0.6875,0.140845,2.17157
0.71875,0.137534,2.2166
0.75,0.133801,2.26017
0.78125,0.129682,2.30216
0.8125,0.125218,2.34252
0.84375,0.12045,2.38117
0.875,0.115425,2.41807
0.90625,0.110192,2.45319
0.9375,0.1048,2.48651
0.96875,0.0993018,2.51804
1,0.09375,2.54778
0,0.0625,1.06449
0.03125,0.0682432,1.1046
0.0625,0.0739311,1.14613
0.09375,0.0795089,1.18901
0.125,0.0849229,1.23318
0.15625,0.0901209,1.27856
0.1875,0.0950529,1.32505
0.21875,0.0996715,1.37256
0.25,0.103932,1.42096
0.28125,0.107794,1.47012
0.3125,0.111219,1.51991
0.34375,0.114175,1.57018
0.375,0.116634,1.62077
0.40625,0.118571,1.67152
0.4375,0.119968,1.72226
0.46875,0.120812,1.77283
0.5,0.121094,1.82306
0.53125,0.120812,1.87277
0.5625,0.119968,1.92181
0.59375,0.118571,1.97001
0.625,0.116634,2.01724
0.65625,0.114175,2.06333
0.6875,0.111219,2.10818
0.71875,0.107794,2.15165
0.75,0.103932,2.19366
0.78125,0.0996715,2.2341
0.8125,0.0950529,2.27291
0.84375,0.0901209,2.31003
0.875,0.0849229,2.34542
0.90625,0.0795089,2.37906
0.9375,0.0739311,2.41093
0.96875,0.0682432,2.44103
1,0.0625,2.46939
0,0.03125,1.03174
0.03125,0.0371846,1.07082
0.0625,0.0430621,1.11129
0.09375,0.0488258,1.15308
0.125,0.0544203,1.19613
0.15625,0.0597916,1.24036
0.1875,0.064888,1.28568
0.21875,0.0696605,1.33198
0.25,0.0740631,1.37915
0.28125,0.0780534,1.42705
0.3125,0.0815929,1.47555
0.34375,0.0846476,1.5245
0.375,0.087188,1.57374
0.40625,0.0891897,1.62313
0.4375,0.0906335,1.67248
0.46875,0.0915053,1.72164
0.5,0.0917969,1.77043
0.53125,0.0915053,1.81869
0.5625,0.0906335,1.86626
0.59375,0.0891897,1.91298
0.625,0.087188,1.95871
0.65625,0.0846476,2.0033
0.6875,0.0815929,2.04664
0.71875,0.0780534,2.08861
0.75,0.0740631,2.1291
0.78125,0.0696605,2.16805
0.8125,0.064888,2.20537
0.84375,0.0597916,2.24102
0.875,0.0544203,2.27496
0.90625,0.0488258,2.30717
0.9375,0.0430621,2.33764
0.96875,0.0371846,2.36638
1,0.03125,2.39341
0,0,1
0.03125,0.00612607,1.03808
0.0625,0.0121931,1.07751
0.09375,0.0181428,1.11824
0.125,0.0239177,1.1602
0.15625,0.0294623,1.20331
0.1875,0.0347231,1.24748
0.21875,0.0396496,1.2926
0.25,0.0441942,1.33856
0.28125,0.0483132,1.38524
0.3125,0.0519669,1.43248
0.34375,0.0551201,1.48015
0.375,0.0577425,1.52808
0.40625,0.0598088,1.57614
0.4375,0.0612991,1.62413
0.46875,0.062199,1.67192
0.5,0.0625,1.71931
0.53125,0.062199,1.76616
0.5625,0.0612991,1.81231
0.59375,0.0598088,1.85759
0.625,0.0577425,1.90187
0.65625,0.0551201,1.94502
0.6875,0.0519669,1.9869
0.71875,0.0483132,2.02741
0.75,0.0441942,2.06645
0.78125,0.0396496,2.10395
0.8125,0.0347231,2.13984
0.84375,0.0294623,2.17407
0.875,0.0239177,2.20662
0.90625,0.0181428,2.23746
0.9375,0.0121931,2.26658
0.96875,0.00612607,2.29402
1,7.65404e-18,2.31978
